{'项目': '蜜糖/蝶恋花收CPA', 'QQ': '643795'}
{'项目': '官方影视产品寻CPA/CPS', 'QQ': '4707644'}
{'项目': '棋牌大平台，实力长期收量', 'QQ': '1277711121'}
{'项目': '棋牌大平台，长期高价收各类流量', 'QQ': '1011220320'}
{'项目': '直播平台直招/CPA量', 'QQ': '22590238'}
{'项目': '直播平台直招/CPA量', 'QQ': '22590238'}
{'项目': '大棋牌公司收量', 'QQ': '770781016'}
{'项目': '蝴蝶花秀-收CPA量', 'QQ': '960143'}
{'项目': 'BoBo花秀直播-CPA收量', 'QQ': '6136680'}
{'项目': '夜色直播-CPA收量', 'QQ': '5295211'}
{'项目': '官方播放器，寻渠道商', 'QQ': '1160799996'}
{'项目': '暴利cps-交友一对一寻渠道', 'QQ': '317349106'}
{'项目': '小甜甜直播-收量', 'QQ': '23307329'}
{'项目': '牡蛎免费领取-收量', 'QQ': '871881526'}
{'项目': '★惊★高暴力直播交友产品收量★', 'QQ': '2877294622'}
{'项目': '爱彩/爱爱你，官方收量', 'QQ': '332504523'}
{'项目': '头条免费开户，政策优惠', 'QQ': '9116583'}
{'项目': '高价收各种量（招大代理）', 'QQ': '1126809'}
{'项目': '招财猫交友官方寻量', 'QQ': '68112782'}
{'项目': '每月3W起的抖音周边项目', 'QQ': '252178892'}
{'项目': '承接app推广注册实名量', 'QQ': '4251010'}
{'项目': '融360', 'QQ': '2462735533'}
{'项目': '信而富理财项目', 'QQ': '137260208'}
{'项目': '信而富', 'QQ': '137260208'}
{'项目': '金融管家100', 'QQ': '583990775'}
{'项目': '金融助手100', 'QQ': '583990775'}
{'项目': '来问公众号', 'QQ': '549127649'}
{'项目': '信而富', 'QQ': '320206121'}
{'项目': '还呗app', 'QQ': '320206121'}
{'项目': '51信用卡管家', 'QQ': '320206121'}
{'项目': '小花钱包', 'QQ': '320206121'}
{'项目': '平安陆金所', 'QQ': '320206121'}
{'项目': '华泰证券', 'QQ': '320206121'}
{'项目': '百度好看', 'QQ': '1119288506'}
{'项目': '腾讯动漫', 'QQ': '1119288506'}
{'项目': '360手机卫士', 'QQ': '1119288506'}
{'项目': '陌陌', 'QQ': '1119288506'}
{'项目': '360影视', 'QQ': '1119288506'}
{'项目': '腾讯理财通', 'QQ': '320206121'}
{'项目': '360清理大师', 'QQ': '1119288506'}
{'项目': '东方头条', 'QQ': '1119288506'}
{'项目': '高德地图', 'QQ': '1119288506'}
{'项目': '信而富扫码注册', 'QQ': '14499092380'}
{'项目': '亿企赚', 'QQ': '1339533255'}
{'项目': '益民宝找地推网推', 'QQ': '282897397'}
{'项目': '承接应用市场下载量评论等', 'QQ': '4251010'}
{'项目': '网申联通卡，充值分成+长期分润', 'QQ': '1450905903'}
{'项目': '爱上街', 'QQ': '898788433'}
{'项目': '淘集集拉新', 'QQ': '898788433'}
{'项目': '直播推广', 'QQ': '1339533255'}
{'项目': '京东支付0.02', 'QQ': '898788433'}
{'项目': 'GEC实名', 'QQ': '898788433'}
{'项目': '中邮消金', 'QQ': '834703631'}
{'项目': '360借条', 'QQ': '834703631'}
{'项目': '全免勉注册东海证券开户打包任务', 'QQ': '1455186'}
{'项目': '招代理', 'QQ': '1305311368'}
{'项目': '电话效果注册回访补量', 'QQ': '1339533255'}
{'项目': '移动新闻头条巴士', 'QQ': '3004633806'}
{'项目': '头条bus', 'QQ': '3004633806'}
{'项目': '头条巴士H5新闻', 'QQ': '3004633806'}
{'项目': 'PC新闻', 'QQ': '3004633806'}
{'项目': '红人直播', 'QQ': '2462735533'}
{'项目': '云闪付接码', 'QQ': '1228269056'}
{'项目': '掌上接码', 'QQ': '1228269056'}
{'项目': '可乐直播', 'QQ': '447288688'}
{'项目': '爱阅读', 'QQ': '447288688'}
{'项目': 'UC浏览器', 'QQ': '447288688'}
{'项目': 'YY语音', 'QQ': '447288688'}
{'项目': '抖音', 'QQ': '2462735533'}
{'项目': '印象直播', 'QQ': '343810563'}
{'项目': '钱包管家APP', 'QQ': '1031442291'}
{'项目': '黄金先生', 'QQ': '1625974385'}
{'项目': '贷款产品，寻效果渠道', 'QQ': '812953103'}
{'项目': '网信理财', 'QQ': '1031442291'}
{'项目': '百度桌面', 'QQ': '170557854'}
{'项目': '秀色直播间', 'QQ': '945924945'}
{'项目': '秀色直播', 'QQ': '945924945'}
{'项目': '嗨秀直播', 'QQ': '945924945'}
{'项目': '乐嗨直播', 'QQ': '945924945'}
{'项目': '蓝月传奇', 'QQ': '170557854'}
{'项目': 'hahe', 'QQ': '1410427492'}
{'项目': 'E闲公众号纯关注', 'QQ': '1410427492'}
{'项目': '闪播视频聊天交友', 'QQ': '3043819663'}
{'项目': '一对一视频交友APP', 'QQ': '3043819663'}
{'项目': '闪播视频聊天', 'QQ': '3043819663'}
{'项目': '一对一视频聊天', 'QQ': '3043819663'}
{'项目': '爱碰app一对一交友cps', 'QQ': '605288200'}
{'项目': '微信辅助（半程操作）', 'QQ': '735725998'}
{'项目': '东方头条下载注册', 'QQ': '4051530'}
{'项目': 'DD拉新淘宝 36元一单', 'QQ': '5729945'}
{'项目': '微信辅助注册', 'QQ': '1145002'}
{'项目': '还呗额度', 'QQ': '6468110'}
{'项目': '惠头条 下载注册', 'QQ': '6468110'}
{'项目': '自营QP,寻推广渠道', 'QQ': '70031480'}
{'项目': 'Ipsos益普索会员招募', 'QQ': '279647258'}
{'项目': '钱贷网2期', 'QQ': '279647258'}
{'项目': '国美', 'QQ': '1164778417'}
{'项目': '淘集集', 'QQ': '898788433'}
{'项目': '【官方】CPS淘宝查小号工具', 'QQ': '1303432679'}
{'项目': '【官方】CPS黑号捕手', 'QQ': '1303432679'}
{'项目': '传奇类手游', 'QQ': '562679406'}
{'项目': '玩转手游盒子CPS合作', 'QQ': '603999680'}
{'项目': '斗米兼职', 'QQ': '855424'}
{'项目': '斗米兼职', 'QQ': '855424'}
{'项目': '9秀直播', 'QQ': '562679406'}
{'项目': '秀色秀场', 'QQ': '2462735533'}
{'项目': '乐嗨', 'QQ': '2462735533'}
{'项目': '秀色秀场', 'QQ': '1748525098'}
{'项目': '挣钱吧', 'QQ': '273814331'}
{'项目': '彩票APP', 'QQ': '2730748934'}
{'项目': '么么直播', 'QQ': '1748525098'}
{'项目': '95秀', 'QQ': '2462735533'}
{'项目': '国泰证券不限三户', 'QQ': '648102171'}
{'项目': '秀色秀场', 'QQ': '1748525098'}
{'项目': '微信加好友', 'QQ': '648102171'}
{'项目': '国泰有效户', 'QQ': '648102171'}
{'项目': '星秀直播', 'QQ': '1748525098'}
{'项目': '国泰证券有效户', 'QQ': '648102171'}
{'项目': '秀吧', 'QQ': '2462735533'}
{'项目': '密疯直播', 'QQ': '2462735533'}
{'项目': '道无边', 'QQ': '27847884'}
{'项目': '95秀', 'QQ': '2462735533'}
{'项目': '95秀', 'QQ': '2462735533'}
{'项目': '乐嗨', 'QQ': '2462735533'}
{'项目': '中信行动时贷', 'QQ': '648102171'}
{'项目': '国泰有效户', 'QQ': '648102171'}
{'项目': '兴业银行信用卡', 'QQ': '648102171'}
{'项目': '秘咪直播', 'QQ': '2462735533'}
{'项目': '乐嗨', 'QQ': '2462735533'}
{'项目': '乐嗨', 'QQ': '2462735533'}
{'项目': '热血江湖', 'QQ': '27847884'}
{'项目': '京东金融', 'QQ': '27847884'}
{'项目': '调研邦任务墙', 'QQ': '3451251517'}
{'项目': '调研邦', 'QQ': '3451251517'}
{'项目': '平安WIFI', 'QQ': '273814331'}
{'项目': '浦发信用卡核卡', 'QQ': '812953103'}
{'项目': '江苏银行直销银行', 'QQ': '1031442291'}
{'项目': '360浏览器', 'QQ': '27847884'}
{'项目': '捕鱼英雄', 'QQ': '631736755'}
{'项目': '微众有折', 'QQ': '2214931112'}
{'项目': '饿了么网上门店截图', 'QQ': '1470280838'}
{'项目': '现金贷贷款成功', 'QQ': '2388287699'}
{'项目': '点点', 'QQ': '1179947431'}
{'项目': '百度桌面', 'QQ': '2327855519'}
{'项目': '车翼达手台', 'QQ': '769408457'}
{'项目': '360卫士', 'QQ': '170557854'}
{'项目': '分期乐', 'QQ': '1470280838'}
{'项目': '贷款王', 'QQ': '1410427492'}
{'项目': '僵尸大战', 'QQ': '631736755'}
{'项目': '信而富', 'QQ': '316980785'}
{'项目': '红人直播', 'QQ': '945924945'}
{'项目': '红人直播', 'QQ': '945924945'}
{'项目': '信而富', 'QQ': '772940319'}
{'项目': '钱宝', 'QQ': '2214931112'}
{'项目': '众麦商圈公众号', 'QQ': '1410427492'}
{'项目': '理财通关', 'QQ': '1410427492'}
{'项目': 'wish', 'QQ': '1410427492'}
{'项目': '华瑞银行', 'QQ': '2388287699'}
{'项目': '360浏览器', 'QQ': '1119288506'}
{'项目': '360手机助手', 'QQ': '1119288506'}
{'项目': '百度浏览器', 'QQ': '1119288506'}
{'项目': '应用宝（一次激活）', 'QQ': '1119288506'}
{'项目': '手机百度', 'QQ': '1119288506'}
{'项目': '商通贷', 'QQ': '2388287699'}
{'项目': '大华基金', 'QQ': '2388287699'}
{'项目': '平安橙E财富', 'QQ': '27847884'}
{'项目': '咪咕动漫', 'QQ': '1119288506'}
{'项目': 'QQ管家', 'QQ': '170557854'}
{'项目': '咪咕阅读', 'QQ': '1119288506'}
{'项目': '杭州银行', 'QQ': '1410427492'}
{'项目': '花无缺', 'QQ': '191455759'}
{'项目': '安卓收藏量', 'QQ': '853094587'}
{'项目': '国泰君安证券开户', 'QQ': '27847884'}
{'项目': '借贷宝', 'QQ': '1017891658'}
{'项目': '易享公众号', 'QQ': '1410427492'}
{'项目': '金蚂蚁', 'QQ': '1410427492'}
{'项目': 'QQ浏览器二次', 'QQ': '2355784715'}
{'项目': 'NOW直播', 'QQ': '2427404968'}
{'项目': 'UC浏览器', 'QQ': '2355784715'}
{'项目': '硅谷堂', 'QQ': '2355784715'}
{'项目': '芈月传', 'QQ': '3078906656'}
{'项目': '[招募]K任务', 'QQ': '279647258'}
{'项目': 'PP助手', 'QQ': '2355784715'}
{'项目': 'QQ阅读一次', 'QQ': '2355784715'}
{'项目': '京东阅读', 'QQ': '2355784715'}
{'项目': '多米音乐', 'QQ': '2355784716'}
{'项目': '网易bobo', 'QQ': '27847884'}
{'项目': '多块游戏', 'QQ': '27847884'}
{'项目': '新大主宰', 'QQ': '27847884'}
{'项目': '龙星域帝尊', 'QQ': '27847884'}
{'项目': '僵尸侠', 'QQ': '27847884'}
{'项目': '百度浏览器', 'QQ': '2355784715'}
{'项目': '百度手机助', 'QQ': '2355784715'}
{'项目': '折800', 'QQ': '2355784716'}
{'项目': '酷锁屏', 'QQ': '529358585'}
{'项目': '百度手机助手', 'QQ': '27847884'}
{'项目': '搜狗浏览器', 'QQ': '27847884'}
{'项目': '92助手', 'QQ': '27847884'}
{'项目': '聚客', 'QQ': '7590677'}
{'项目': '迅游加速器', 'QQ': '275155913'}
{'项目': '赏金猎人', 'QQ': '3291719897'}
{'项目': '无线长春', 'QQ': '275155913'}
{'项目': '2345手机助手', 'QQ': '403848612'}
{'项目': '2345手机浏览器', 'QQ': '403848612'}
{'项目': '2345天气王', 'QQ': '403848612'}
{'项目': '搜狗输入法', 'QQ': '273814331'}
{'项目': '易打工', 'QQ': '273814331'}
{'项目': '360游戏大厅', 'QQ': '273814331'}
{'项目': '融360', 'QQ': '273814331'}
{'项目': '卓易市场', 'QQ': '273814331'}
{'项目': '平安中国', 'QQ': '273814331'}
{'项目': '人人投', 'QQ': '1348138767'}
{'项目': '借贷宝', 'QQ': '840765058'}
{'项目': '聚光灯', 'QQ': '2712483250'}
{'项目': '360手机助手', 'QQ': '970815943'}
{'项目': '360手机助手', 'QQ': '970815493'}
{'项目': '金山毒霸', 'QQ': '2608126287'}
{'项目': '百度杀毒', 'QQ': '2608126287'}
{'项目': '飞云日历', 'QQ': '208865817'}
{'项目': '欢乐吧', 'QQ': '2851631736'}
{'项目': '音乐汇', 'QQ': '2851631736'}
{'项目': '多彩便签', 'QQ': '2851631736'}
{'项目': '百度杀毒', 'QQ': '2851631736'}
{'项目': '滴滴打车', 'QQ': '2851726973'}
{'项目': '360助手', 'QQ': '2851726973'}
{'项目': '大众点评', 'QQ': '2851726973'}
{'项目': '炼爱', 'QQ': '2092789381'}
{'项目': '沃商店', 'QQ': '2092789381'}
{'项目': '繁星直播', 'QQ': '10021857'}
{'项目': '口袋银行', 'QQ': '1410427492'}
{'项目': '高德地图', 'QQ': '578915444'}
{'项目': '收安卓量-富媒体横幅', 'QQ': '2850712743'}
{'项目': '95秀', 'QQ': '312604694'}
{'项目': '乐嗨秀场', 'QQ': '137787001'}
{'项目': '优艺直播', 'QQ': '137787001'}
{'项目': '秘乐自做全网可对比价格22', 'QQ': '735725998'}
{'项目': '秘乐自做截图版20', 'QQ': '735725998'}
{'项目': '天龙八部荣耀版', 'QQ': '1007194689'}
{'项目': '天龙八部荣耀版', 'QQ': '1007194'}
{'项目': '花开直播视频交友', 'QQ': '3043819663'}
{'项目': '微信公众号聊4.5三句话', 'QQ': '735725998'}
{'项目': '本色自做20不是客服版', 'QQ': '735725998'}
{'项目': '蚂蚁短视频8', 'QQ': '735725998'}
{'项目': '滴滴认证', 'QQ': '735725998'}
{'项目': '本色实名自做', 'QQ': '735725998'}
{'项目': '欢乐红包', 'QQ': '735725998'}
{'项目': '民生初审', 'QQ': '735725998'}
{'项目': '移动领积分(十秒任务）可机刷', 'QQ': '735725998'}
{'项目': '秘乐自做', 'QQ': '735725998'}
{'项目': '秘乐自做', 'QQ': '735725998'}
{'项目': '独立码本色实名自做带量的来', 'QQ': '735725998'}
{'项目': '掌上绑卡', 'QQ': '735725998'}
{'项目': '今日头条', 'QQ': '735725998'}
{'项目': 'v聊最佳视频聊天平台', 'QQ': '3087940029'}
{'项目': '秘乐短视频APP推广', 'QQ': '957086476'}
{'项目': '秘乐短视频APP推广', 'QQ': '957086476'}
{'项目': '好运算命网免费招代理和流量主', 'QQ': '930823988'}
{'项目': '电商平台【爱上街】拉新', 'QQ': '898788433'}
{'项目': 'qq辅助注册', 'QQ': '1667386588'}
{'项目': '微信辅助注册', 'QQ': '1667386588'}
{'项目': '收18年以前企业支付宝号', 'QQ': '1558480270'}
{'项目': '享道出行', 'QQ': '1916473523'}
{'项目': '来者不拒', 'QQ': '3027177084'}
{'项目': '贷款超市', 'QQ': '3027177084'}
{'项目': '立刷商户版APP', 'QQ': '1185632094'}
{'项目': '软银支付', 'QQ': '1185632094'}
{'项目': '人人车', 'QQ': '562679406'}
{'项目': '棋牌电玩城寻实力代理', 'QQ': '303681745'}
{'项目': '飞帆联盟流量变现', 'QQ': '2465067766'}
{'项目': '嗨秀直播安卓', 'QQ': '2462735533'}
{'项目': '95约爱', 'QQ': '312604694'}
{'项目': '诚寻精准小说粉', 'QQ': '52933'}
{'项目': '平安信用卡推广', 'QQ': '944702224'}
{'项目': '大量各类CPA项目', 'QQ': '944702224'}
{'项目': '早起打卡推广（需有流量人士）', 'QQ': '944702224'}
{'项目': '投吧问卷调查', 'QQ': '80659053'}
{'项目': '今日头条', 'QQ': '1748525098'}
{'项目': '星秀直播', 'QQ': '1748525098'}
{'项目': '闪电周转', 'QQ': '965230716'}
{'项目': '广发信用卡', 'QQ': '2698544376'}
{'项目': '95秀', 'QQ': '2465067766'}
{'项目': '乐嗨', 'QQ': '2462735533'}
{'项目': '密疯直播', 'QQ': '2462735533'}
{'项目': '平安普惠', 'QQ': '965230716'}
{'项目': '秀吧', 'QQ': '2465067766'}
{'项目': '秀色秀场', 'QQ': '2850352024'}
{'项目': '简单注册实名，不下载', 'QQ': '3066649843'}
{'项目': '平安信用卡大批量推广（全国单）', 'QQ': '1070951577'}
{'项目': '球球大作战CPS', 'QQ': '454818156'}
{'项目': '最萌消消乐', 'QQ': '631736755'}
{'项目': '超级坦克世界2015', 'QQ': '631736755'}
{'项目': '车翼达手台', 'QQ': '2481655699'}
{'项目': '快看小说大全', 'QQ': '2481655699'}
{'项目': '家装淘宝店铺推广', 'QQ': '99532407'}
{'项目': '挚盟广告sdk', 'QQ': '88490161'}
{'项目': '民生银行信用卡', 'QQ': '2214931112'}
{'项目': '租租车', 'QQ': '2388287699'}
{'项目': '闲玩捕鱼', 'QQ': '2851039677'}
{'项目': '孤胆枪手', 'QQ': '631736755'}
{'项目': 'LBE平行空间', 'QQ': '1986516977'}
{'项目': '叮叮惠来', 'QQ': '1410427492'}
{'项目': '360安全卫士', 'QQ': '576649537'}
{'项目': '快压', 'QQ': '576649537'}
{'项目': 'XY助手', 'QQ': '2880589021'}
{'项目': '禾商所邮币卡开户', 'QQ': '1847020625'}
{'项目': '锁财宝', 'QQ': '2885660151'}
{'项目': '多看阅读', 'QQ': '2355784715'}
{'项目': '百度浏览器', 'QQ': '3276036143'}
{'项目': 'IQ Option二元期权', 'QQ': '284123055'}
{'项目': 'IQ Option二元期权', 'QQ': '284123055'}
{'项目': '乐嗨秀场', 'QQ': '2851772188'}
{'项目': '秀色秀场', 'QQ': '2851772188'}
{'项目': '斗牛大亨', 'QQ': '258941825'}
{'项目': '易乐园', 'QQ': '275155913'}
{'项目': '海马助手', 'QQ': '2880589021'}
{'项目': '平安证券开户', 'QQ': '552597005'}
{'项目': '网址导航', 'QQ': '403848612'}
{'项目': '2345阅读王', 'QQ': '403848612'}
{'项目': '网信理财CPA绑卡单', 'QQ': '1847020625'}
{'项目': '百度浏览器', 'QQ': '1444988181'}
{'项目': '百度手机助手', 'QQ': '1444988181'}
{'项目': '银客网', 'QQ': '501374536'}
{'项目': '九游中心', 'QQ': '825688106'}
{'项目': '百度助手', 'QQ': '825688106'}
{'项目': '三维度', 'QQ': '2428571542'}
{'项目': '血战到底', 'QQ': '360835742'}
{'项目': '快乐捕鱼', 'QQ': '360835742'}
{'项目': '玩赚盟', 'QQ': '649753372'}
{'项目': '爱活动', 'QQ': '2115027046'}
{'项目': 'UC浏览器换量包', 'QQ': '2880263957'}
{'项目': 'app下载器', 'QQ': '2880263957'}
{'项目': '聚光灯', 'QQ': '2712483250'}
{'项目': '小财神手游平台', 'QQ': '626013908'}
{'项目': '360手机浏览器', 'QQ': '2880589021'}
{'项目': '92助手', 'QQ': '2880589021'}
{'项目': '微看点', 'QQ': '2880589021'}
{'项目': '嘎嘎-社交产品', 'QQ': '3097936892'}
{'项目': '卓易市场', 'QQ': '2880589021'}
{'项目': '缘分吧', 'QQ': '2562617278'}
{'项目': '红人直播', 'QQ': '137787001'}
{'项目': '车秘', 'QQ': '65168600'}
{'项目': 'uc浏览器拉新', 'QQ': '65168600'}
{'项目': '轻松保', 'QQ': '65168600'}
{'项目': '爱健康', 'QQ': '65168600'}
{'项目': '京喜拉新', 'QQ': '65168600'}
{'项目': '京喜', 'QQ': '65168600'}
{'项目': '好省', 'QQ': '65168600'}
{'项目': '本色', 'QQ': '65168600'}
{'项目': '秘乐', 'QQ': '65168600'}
{'项目': '淘宝拉新', 'QQ': '65168600'}
{'项目': '滴滴校园认证', 'QQ': '919787406'}
{'项目': '金博注册', 'QQ': '4051530'}
{'项目': '本色', 'QQ': '65168600'}
{'项目': '慈音实名', 'QQ': '65168600'}
{'项目': '比财', 'QQ': '317733109'}
{'项目': '搜狗输入法', 'QQ': '317733109'}
{'项目': '斗鱼直播', 'QQ': '317733109'}
{'项目': '支付宝拉新', 'QQ': '65168600'}
{'项目': '今日头条', 'QQ': '317733109'}
{'项目': '信用卡纯申请进件', 'QQ': '1667386588'}
{'项目': '世纪佳缘', 'QQ': '317733109'}
{'项目': 'POS机', 'QQ': '3120000001'}
{'项目': '百金贷借款', 'QQ': '3120000001'}
{'项目': '淘新闻', 'QQ': '4051530'}
{'项目': '纯扫码关注', 'QQ': '86752678'}
{'项目': '周结量大推广扫码', 'QQ': '0'}
{'项目': '京东快递全国通票', 'QQ': '578569463'}
{'项目': '收微信量，寻公众号中介！', 'QQ': '41308890'}
{'项目': 'qq辅助注册', 'QQ': '1667386588'}
{'项目': 'qq辅助注册', 'QQ': '1667386588'}
{'项目': '招商绑卡', 'QQ': '1'}
{'项目': '猫付', 'QQ': '1185632094'}
{'项目': '大量接单价格便宜', 'QQ': '1916473523'}
{'项目': '钱宝POS机注册激活反80元', 'QQ': '2855238858'}
{'项目': '推广直播软件单', 'QQ': '860755573'}
{'项目': '蚂蚁返现', 'QQ': '11855816'}
{'项目': '钱宝POS机激活反80元', 'QQ': '2855238858'}
{'项目': '乐嗨秀场', 'QQ': '2465067766'}
{'项目': '开心淘 App', 'QQ': '635235410'}
{'项目': '蜜疯直播', 'QQ': '2465067766'}
{'项目': '直播APP', 'QQ': '2465067766'}
{'项目': 'QAQGame游戏加速器', 'QQ': '1581623456'}
{'项目': '红人直播', 'QQ': '2462735533'}
{'项目': '苏宁 任性付出额度到账验证版', 'QQ': '331441902'}
{'项目': '秀色秀场', 'QQ': '3288768391'}
{'项目': '浙商信用卡', 'QQ': '2698544376'}
{'项目': '米多金融', 'QQ': '965230716'}
{'项目': '东方虹整形SDK', 'QQ': '2055232037'}
{'项目': '百度优化大师', 'QQ': '540567034'}
{'项目': '手机百度', 'QQ': '540567034'}
{'项目': '高德地图', 'QQ': '540567034'}
{'项目': '51好工作', 'QQ': '540567034'}
{'项目': '搜狗输入法', 'QQ': '540567034'}
{'项目': '腾讯WIFI管家', 'QQ': '540567034'}
{'项目': '搜狗浏览器', 'QQ': '540567034'}
{'项目': '蓝牙POS机免费领', 'QQ': '772006555'}
{'项目': '流金宝', 'QQ': '2038226020'}
{'项目': '360清理大师', 'QQ': '540567034'}
{'项目': '2345浏览器', 'QQ': '540567034'}
{'项目': '蓝牙POS机免费送 刷信用卡', 'QQ': '2855238858'}
{'项目': '美团', 'QQ': '540567034'}
{'项目': '减肥产品', 'QQ': '99532407'}
{'项目': '贪吃蛇大作战', 'QQ': '99532407'}
{'项目': 'mini消灭星星', 'QQ': '631736755'}
{'项目': '包月广告', 'QQ': '99532407'}
{'项目': '微信红包H5', 'QQ': '99532407'}
{'项目': '捕鱼达人最新版', 'QQ': '99532407'}
{'项目': '美女消消乐', 'QQ': '99532407'}
{'项目': '2345影视点击', 'QQ': '99532407'}
{'项目': '平安银行橙e网（新增量大单）', 'QQ': '1070951577'}
{'项目': '平安银行橙e网', 'QQ': '1070951577'}
{'项目': '啪啪输入法', 'QQ': '240130168'}
{'项目': '拯救公主', 'QQ': '631736755'}
{'项目': '找工联盟公众号', 'QQ': '2432854950'}
{'项目': '金投网', 'QQ': '986764829'}
{'项目': 'QQ管家', 'QQ': '2880982739'}
{'项目': '360手机卫士', 'QQ': '2880982739'}
{'项目': 'QQ音乐', 'QQ': '2880982739'}
{'项目': '迅雷看看', 'QQ': '2880982739'}
{'项目': 'PPTV', 'QQ': '2880982739'}
{'项目': '爱奇艺', 'QQ': '2880982739'}
{'项目': '酷我音乐', 'QQ': '2880982739'}
{'项目': '快压', 'QQ': '2880982739'}
{'项目': 'hao123导航', 'QQ': '2880982739'}
{'项目': '2345导航', 'QQ': '2880982739'}
{'项目': '平安财富宝', 'QQ': '1278371920'}
{'项目': '友加苹果', 'QQ': '70048862'}
{'项目': 'QQ游戏大厅', 'QQ': '2880589021'}
{'项目': '应用宝', 'QQ': '2880589021'}
{'项目': '金山毒霸', 'QQ': '11855816'}
{'项目': '借贷宝', 'QQ': '1443856157'}
{'项目': '管家一次激活包1.5', 'QQ': '576649537'}
{'项目': '自主招生竞赛', 'QQ': '466813637'}
{'项目': '中文书城', 'QQ': '2810694156'}
{'项目': '中文书城', 'QQ': '2810694156'}
{'项目': 'qq音乐', 'QQ': '2427404968'}
{'项目': '挣钱吧', 'QQ': '872107101'}
{'项目': '百度桌面', 'QQ': '3276036143'}
{'项目': '大圣捕鱼', 'QQ': '9965128'}
{'项目': '好123导航', 'QQ': '576649537'}
{'项目': '易购', 'QQ': '1558560932'}
{'项目': '主宰西游', 'QQ': '70048862'}
{'项目': '鱼子酱直播', 'QQ': '70048862'}
{'项目': '酷吧', 'QQ': '70048862'}
{'项目': '喵播', 'QQ': '70048862'}
{'项目': '360浏览器', 'QQ': '9112638'}
{'项目': '360手机助手', 'QQ': '9112638'}
{'项目': '亿百润理财金', 'QQ': '70048862'}
{'项目': '优艺IOS', 'QQ': '70048862'}
{'项目': '暴走萝莉', 'QQ': '631736755'}
{'项目': 'kingroot', 'QQ': '2851726987'}
{'项目': '语玩', 'QQ': '2851726987'}
{'项目': '嗨秀交友', 'QQ': '70048862'}
{'项目': '我来贷', 'QQ': '70048862'}
{'项目': '消灭星星官方正式版-IOS', 'QQ': '70048862'}
{'项目': 'QQ阅读', 'QQ': '70048862'}
{'项目': '我来贷', 'QQ': '70048862'}
{'项目': '摩尔秀', 'QQ': '70048862'}
{'项目': '开心泡泡龙', 'QQ': '59352770'}
{'项目': '快捷日历界面', 'QQ': '70048862'}
{'项目': '仙武至尊', 'QQ': '70048862'}
{'项目': '快看影视', 'QQ': '70048862'}
{'项目': '易加广告SDK', 'QQ': '635664046'}
{'项目': '收静默量', 'QQ': '445806282'}
{'项目': '同城速约', 'QQ': '70048862'}
{'项目': '富通贷', 'QQ': '528094899'}
{'项目': '万年历', 'QQ': '70048862'}
{'项目': '金山词霸', 'QQ': '70048862'}
{'项目': '熊猫日历', 'QQ': '70048862'}
{'项目': '2345看图王', 'QQ': '70048862'}
{'项目': '辰龙捕鱼游戏', 'QQ': '70048862'}
{'项目': '借贷宝', 'QQ': '70048862'}
{'项目': '时刻新闻', 'QQ': '70048862'}
{'项目': '乐吧', 'QQ': '70048862'}
{'项目': '网易秀场', 'QQ': '70048862'}
{'项目': '新浪秀场', 'QQ': '70048862'}
{'项目': '聚客', 'QQ': '7590677'}
{'项目': '3D暴力飞车', 'QQ': '84742012'}
{'项目': '消灭星星新年版', 'QQ': '84742012'}
{'项目': '孤胆枪手', 'QQ': '84742012'}
{'项目': 'QKA捕鱼', 'QQ': '1583630768'}
{'项目': '好车贷', 'QQ': '330363661'}
{'项目': '爱奇艺', 'QQ': '1583630768'}
{'项目': '百度手机助手', 'QQ': '1583630768'}
{'项目': '极锁屏', 'QQ': '358311384'}
{'项目': '寻欢', 'QQ': '2880589021'}
{'项目': '荣耀之光', 'QQ': '1964452726'}
{'项目': '百度地图', 'QQ': '1444988181'}
{'项目': '极锁屏', 'QQ': '358311384'}
{'项目': '翼支付券', 'QQ': '1847020625'}
{'项目': '彩绘达人-手绘彩绘定制应用软件', 'QQ': '370321862'}
{'项目': '同步推', 'QQ': '2880589021'}
{'项目': 'PP助手', 'QQ': '2880589021'}
{'项目': '有赚', 'QQ': '3165799730'}
{'项目': '360今日看点', 'QQ': '2880589021'}
{'项目': '袋袋金', 'QQ': '772006555'}
{'项目': '投吧', 'QQ': '772006555'}
{'项目': '陆金所', 'QQ': '772006555'}
{'项目': '骑士贷', 'QQ': '772006555'}
{'项目': '产融贷', 'QQ': '772006555'}
{'项目': '满亿宝', 'QQ': '772006555'}
{'项目': '汉堂游戏', 'QQ': '772006555'}
{'项目': '希望金融', 'QQ': '772006555'}
{'项目': '全民俄罗斯', 'QQ': '415364124'}
{'项目': '春水堂', 'QQ': '2976802998'}
{'项目': '幸福淘', 'QQ': '7354330'}
{'项目': '简理财', 'QQ': '517585613'}
{'项目': '金山毒霸', 'QQ': '2639346042'}
{'项目': '微参与', 'QQ': '3244106849'}
{'项目': '平安一账通', 'QQ': '2853273121'}
{'项目': '平安一账通', 'QQ': '2853273121'}
{'项目': '平安一账通', 'QQ': '2853273121'}
{'项目': '快上免费Wifi', 'QQ': '4706332'}
{'项目': '91桌面', 'QQ': '2839194412'}
{'项目': '惠锁屏', 'QQ': '3303615349'}
{'项目': '92手机助手', 'QQ': '2853653903'}
{'项目': '京东商城', 'QQ': '172003572'}
{'项目': '广告SDK（套壳）', 'QQ': '253995346'}
{'项目': '百度糯米推广', 'QQ': '940133745'}
{'项目': 'hao123主页', 'QQ': '41157008'}
{'项目': '90游戏', 'QQ': '1410446617'}
{'项目': '官甲交友产品', 'QQ': '834743473'}
{'项目': '单机短代', 'QQ': '29274427'}
{'项目': '乐嗨', 'QQ': '29274427'}
{'项目': '95约吧安卓ios', 'QQ': '29274427'}
{'项目': '微信假聊冲量', 'QQ': '1277474509'}
{'项目': '视频变现产品，诚寻推广', 'QQ': '168851767'}
{'项目': '美聊交友APP', 'QQ': '2133383900'}
{'项目': '大鲍鱼APP', 'QQ': '168851767'}
{'项目': '支付宝拉新', 'QQ': '65168600'}
{'项目': '优贝实名', 'QQ': '65168600'}
{'项目': '种子视频', 'QQ': '302772311'}
{'项目': '5G的时代正规合法长期稳定', 'QQ': '239710674'}
{'项目': '抖淘', 'QQ': '65168600'}
{'项目': '美团话费留存', 'QQ': '65168600'}
{'项目': '拼多多招商团长项目', 'QQ': '2497471148'}
{'项目': 'APP影院直播，寻CPS推广', 'QQ': '710645658'}
{'项目': '一对一视频交友寻CPS', 'QQ': '754029257'}
{'项目': '游戏联机盒子', 'QQ': '3533234191'}
{'项目': '曹操出行APP', 'QQ': '476249111'}
{'项目': '最新渠道推广', 'QQ': '1085672773'}
{'项目': '咪噜游戏', 'QQ': '1931603216'}
{'项目': '乐享app', 'QQ': '591231314'}
{'项目': '云闪付', 'QQ': '2396034167'}
{'项目': '京喜拉新', 'QQ': '2396034167'}
{'项目': '淘宝 支付宝 拉新 全国招商', 'QQ': '464549216'}
{'项目': '抖音同款BT福利手游盒子APP', 'QQ': '1330953673'}
{'项目': '加油卡', 'QQ': '805442242'}
{'项目': '乐享', 'QQ': '121479390'}
{'项目': '短视频实名认证', 'QQ': '2449073392'}
{'项目': '多多客团长项目', 'QQ': '1379432451'}
{'项目': '蝴蝶直播', 'QQ': '838129199'}
{'项目': '高转化主播视频+电影APP', 'QQ': '710645658'}
{'项目': '寻欢有约直播APP寻CPS渠道', 'QQ': '710645658'}
{'项目': '拉新平台', 'QQ': '543395632'}
{'项目': '微视唤醒', 'QQ': '169525039'}
{'项目': '360手机管家', 'QQ': '169525039'}
{'项目': '腾讯手机管家', 'QQ': '169525039'}
{'项目': 'APP内部广高，弹窗，短信强推', 'QQ': '894094057'}
{'项目': '灰色直播APP寻CPA', 'QQ': '605463976'}
{'项目': 'QQ同步助手', 'QQ': '169525039'}
{'项目': '腾讯新闻', 'QQ': '169525039'}
{'项目': '各种安卓和ios游戏', 'QQ': '169525039'}
{'项目': '美女秀场，寻CPA渠道合作', 'QQ': '605463976'}
{'项目': '抖音微博私信', 'QQ': '2559297066'}
{'项目': 'BT游戏盒子', 'QQ': '768306103'}
{'项目': '秘乐短视频', 'QQ': '2011196037'}
{'项目': '秘乐', 'QQ': '2011196037'}
{'项目': '公众号聊天回复3句，招代理', 'QQ': '1697479308'}
{'项目': '京东银家直签服务商', 'QQ': '331795718'}
{'项目': '寻流量主,APP爆炸收益', 'QQ': '168851767'}
{'项目': '闲来斗地主', 'QQ': '169525039'}
{'项目': '长期面向柬菲集团有不错的资源', 'QQ': '894094057'}
{'项目': '美猫直播', 'QQ': '896912157'}
{'项目': '抖音带货无货源电商项目', 'QQ': '2497471148'}
{'项目': '抖音线上热门技术', 'QQ': '2497471148'}
{'项目': '拼多多团长电商项目', 'QQ': '2497471148'}
{'项目': '梨涡app 对接西北渠道', 'QQ': '1067441263'}
{'项目': '红人直播', 'QQ': '739822626'}
{'项目': '互联网招商运营拼多多团长项目。', 'QQ': '1994617963'}
{'项目': '微车  快搜索', 'QQ': '1131630111'}
{'项目': '95约吧', 'QQ': '739822626'}
{'项目': '单机cps', 'QQ': '29274427'}
{'项目': '众贤乐赚宝', 'QQ': '2497471148'}
{'项目': '京东拉新', 'QQ': '43061496'}
{'项目': '巨鲸直播求CPS分成比例30%', 'QQ': '2662710283'}
{'项目': '咿呀播播', 'QQ': '810780753'}
{'项目': '巨鲸直播大量求cps合作', 'QQ': '1091116662'}
{'项目': 'CPA模式合作', 'QQ': '3219395260'}
{'项目': '游戏/APP拉新，公众号拉新', 'QQ': '3219395260'}
{'项目': '注册下载、APP推广', 'QQ': '3219395260'}
{'项目': '游戏试玩/APP/公众号拉新', 'QQ': '3219395260'}
{'项目': '中国联通大王卡', 'QQ': '1574699162'}
{'项目': '快乐试客', 'QQ': '279231992'}
{'项目': '天天快报', 'QQ': '9250128'}
{'项目': '地推产品', 'QQ': '86752678'}
{'项目': 'APP/小程序', 'QQ': '651110629'}
{'项目': '移动联通开卡寻地推高佣金', 'QQ': '43572521'}
{'项目': '闲来赚钱APP拉新', 'QQ': '295406627'}
{'项目': '中国银行二类户', 'QQ': '1570518204'}
{'项目': '领券app 高佣拉新', 'QQ': '86752678'}
{'项目': '拼多多团长互联网项目', 'QQ': '3141562050'}
{'项目': '互联网项目招商', 'QQ': '3141562050'}
{'项目': '拼多多招商团长', 'QQ': '2225803890'}
{'项目': '麦麦酒市—烈酒买卖平台APP', 'QQ': '1051227109'}
{'项目': '游戏主播量寻正规手游产品', 'QQ': '605463976'}
{'项目': '平安健康寻优质推广渠道官签一手', 'QQ': '392075677'}
{'项目': '京东梨喔喔注册下载认证', 'QQ': '392075677'}
{'项目': '民生初审稳定一年项目寻推广渠道', 'QQ': '392075677'}
{'项目': '招行APP 绑卡全网收量', 'QQ': '392075677'}
{'项目': '播放器收量￥3块（厂商直收）', 'QQ': '1950350055'}
{'项目': '享玩游戏', 'QQ': '674329013'}
{'项目': '银联商务', 'QQ': '1050641246'}
{'项目': '京东拉新推广项目', 'QQ': '784333160'}
{'项目': '出交友fen、相亲fen', 'QQ': '303739017'}
{'项目': '最新直播平台大量收CPA', 'QQ': '3201274952'}
{'项目': '花猫语聊', 'QQ': '1352014792'}
{'项目': '戴超跑量转化高', 'QQ': '214377910'}
{'项目': '寻优质群控CPS游戏量', 'QQ': '605463976'}
{'项目': '多玩红包', 'QQ': '164078285'}
{'项目': '邮政绑卡', 'QQ': '43572521'}
{'项目': '京东首购', 'QQ': '346290846'}
{'项目': '各种好用的营销软件推广', 'QQ': '783390212'}
{'项目': '腾讯大王卡/阿里宝卡', 'QQ': '441755468'}
{'项目': '激励游戏SDK', 'QQ': '963498659'}
{'项目': '传奇手游寻CPS渠道', 'QQ': '605463976'}
{'项目': '微信挂圈发圈280！！！！', 'QQ': '1711971562'}
{'项目': '九色优选', 'QQ': '1009245939'}
{'项目': '趣步实名', 'QQ': '641632348'}
{'项目': '天天棋牌', 'QQ': '2099260900'}
{'项目': '国泰证券限3户', 'QQ': '641632348'}
{'项目': '国泰证券不限3户', 'QQ': '641632348'}
{'项目': '汽车到店试驾', 'QQ': '641632348'}
{'项目': '京东拉新', 'QQ': '641632348'}
{'项目': '京东白条', 'QQ': '3338485159'}
{'项目': '零极之光', 'QQ': '461501404'}
{'项目': '手游产品招代理cps推广合作', 'QQ': '1330953673'}
{'项目': '京东APP拉新', 'QQ': '3338485159'}
{'项目': '京东银家', 'QQ': '3338485159'}
{'项目': '京东白条', 'QQ': '3338485159'}
{'项目': '手游盒子 千款手游免费寻代理', 'QQ': '1330953673'}
{'项目': '一手BT手游盒子寻代理', 'QQ': '1330953673'}
{'项目': '美团话费版', 'QQ': '3338485159'}
{'项目': '京东白条', 'QQ': '3338485159'}
{'项目': '美团拉新', 'QQ': '3338485159'}
{'项目': '小马游戏盒子高分成招代理合作', 'QQ': '1154437992'}
{'项目': '京东银家', 'QQ': '3338485159'}
{'项目': '美团话费版', 'QQ': '3338485159'}
{'项目': '京东银家', 'QQ': '3338485159'}
{'项目': '小马游戏高点位放CPS合作', 'QQ': '1154437992'}
{'项目': '京东银家', 'QQ': '3338485159'}
{'项目': '招试玩量|任务量', 'QQ': '605463976'}
{'项目': '京东一分购', 'QQ': '3338485159'}
{'项目': '免费赠险', 'QQ': '1822489509'}
{'项目': '中信信用卡', 'QQ': '3338485159'}
{'项目': '微信关注', 'QQ': '3338485159'}
{'项目': '抖音带货豆荚项目', 'QQ': '2225803890'}
{'项目': '抖音带货项目', 'QQ': '2225803890'}
{'项目': '白条（非小站版）', 'QQ': '3338485159'}
{'项目': '长安银行纯注册', 'QQ': '3338485159'}
{'项目': '网商银行', 'QQ': '1444721772'}
{'项目': '抖音带货豆荚模式', 'QQ': '2225803890'}
{'项目': '拼多多团长', 'QQ': '2225803890'}
{'项目': '拼多多团长电商项目', 'QQ': '2225803890'}
{'项目': '京东银家', 'QQ': '3338485159'}
{'项目': '国泰有效户', 'QQ': '641632348'}
{'项目': '知乎', 'QQ': '3166209284'}
{'项目': '京东白条', 'QQ': '3338485159'}
{'项目': '掌上生活', 'QQ': '3338485159'}
{'项目': '平安健康纯注册', 'QQ': '1178051685'}
{'项目': '原创自媒体技术', 'QQ': '2397106984'}
{'项目': '招商银行绑卡立返22+', 'QQ': '1178051685'}
{'项目': '抖音带货豆荚玩法', 'QQ': '2225803890'}
{'项目': '平安健康下载注册', 'QQ': '1178051685'}
{'项目': '招商银行APP', 'QQ': '641632348'}
{'项目': '抖+新玩法项目', 'QQ': '2225803890'}
{'项目': '一网通接码', 'QQ': '1178051685'}
{'项目': 'APP推广', 'QQ': '3354145483'}
{'项目': '互联网短视频项目招商', 'QQ': '2225803890'}
{'项目': '京东网页版学生认证', 'QQ': '1178051685'}
{'项目': '京东一分购', 'QQ': '1178051685'}
{'项目': '易校园', 'QQ': '1178051685'}
{'项目': '口碑cps', 'QQ': '969001000'}
{'项目': '芒果社区新台子', 'QQ': '996667108'}
{'项目': '棋牌平台', 'QQ': '956113973'}
{'项目': '京东一分购', 'QQ': '1178051685'}
{'项目': '民生y银行进件', 'QQ': '1178051685'}
{'项目': '京东一分购', 'QQ': '1178051685'}
{'项目': '互联网正规合法项目', 'QQ': '2238505936'}
{'项目': '互联网轻资产高回报正规合法项目', 'QQ': '2238505936'}
{'项目': '原创自媒体', 'QQ': '2238505936'}
{'项目': '原创自媒体', 'QQ': '2238505936'}
{'项目': '开斗影视APP', 'QQ': '524243569'}
{'项目': '花间直播APP', 'QQ': '524243569'}
{'项目': '掌上生活16+', 'QQ': '1178051685'}
{'项目': '光大纯注册', 'QQ': '1178051685'}
{'项目': '花间娱乐APP', 'QQ': '524243569'}
{'项目': '【享马科技】京东一分购', 'QQ': '2693082423'}
{'项目': '原创自媒体技术包教包会', 'QQ': '239710674'}
{'项目': 'ME-视频交友', 'QQ': '956236320'}
{'项目': '游骨游戏盒', 'QQ': '2297369542'}
{'项目': '萌幻荣耀', 'QQ': '2297369542'}
{'项目': '【享马科技】平安口袋银行', 'QQ': '2693082423'}
{'项目': '急急猫', 'QQ': '641632348'}
{'项目': '芒果社区', 'QQ': '996667108'}
{'项目': '神奇商城拍单', 'QQ': '279647258'}
{'项目': '菠萝（APP）诚寻CPS渠道', 'QQ': '710645658'}
{'项目': '【享马科技】掌上生活过绑卡', 'QQ': '2693082423'}
{'项目': '【享马科技】京东产品系列', 'QQ': '2693082423'}
{'项目': '快手', 'QQ': '943840560'}
{'项目': '考米语音', 'QQ': '2386664343'}
{'项目': '宝猪乐园', 'QQ': '641632348'}
{'项目': '速压', 'QQ': '2696506456'}
{'项目': '速压', 'QQ': '2696506456'}
{'项目': 'qp游戏找量', 'QQ': '3303281298'}
{'项目': '云闪付拉新', 'QQ': '641632348'}
{'项目': '假仙', 'QQ': '1490776837'}
{'项目': '新资源新量', 'QQ': '2210275951'}
{'项目': '奥特曼英雄归来', 'QQ': '454818156'}
{'项目': '链信实名', 'QQ': '641632348'}
{'项目': '工行ETC', 'QQ': '641632348'}
{'项目': '玖富钱包', 'QQ': '980361610'}
{'项目': '金融产品', 'QQ': '2066638452'}
{'项目': '国泰有效户', 'QQ': '641632348'}
{'项目': '运营商微信小程序抓取访客', 'QQ': '2575579924'}
{'项目': '京东金融', 'QQ': '641632348'}
{'项目': '京东金条', 'QQ': '641632348'}
{'项目': '工行ETC申请', 'QQ': '641632348'}
{'项目': '省点花', 'QQ': '1905746774'}
{'项目': '找产品银行APP信用卡产品', 'QQ': '1299334383'}
{'项目': '官方漫画小说APP', 'QQ': '2832076964'}
{'项目': '叮当赚', 'QQ': '3281726960'}
{'项目': '叮当赚', 'QQ': '3281726960'}
{'项目': '趣网商城寻渠道cps合作', 'QQ': '2971915089'}
{'项目': '直播吧', 'QQ': '19422921'}
{'项目': '陆金所', 'QQ': '641632348'}
{'项目': '京东支付0.01，不限新老用户', 'QQ': '641632348'}
{'项目': '钱站借款', 'QQ': '641632348'}
{'项目': '知了直播', 'QQ': '604603865'}
{'项目': '激核', 'QQ': '88929205'}
{'项目': '全民养猪', 'QQ': '1165034553'}
{'项目': '新雅美碟直播平台收量', 'QQ': '2652431443'}
{'项目': '仙侠手游', 'QQ': '284911712'}
{'项目': '手机号抓取软件', 'QQ': '2575579924'}
{'项目': '邮政绑卡（支持五大行）', 'QQ': '26903082423'}
{'项目': '360借条', 'QQ': '641632348'}
{'项目': '招行APP绑卡', 'QQ': '2693082423'}
{'项目': '分期乐', 'QQ': '641632348'}
{'项目': '自媒体原创', 'QQ': '2238505936'}
{'项目': '高价收真人娱乐百家乐，龙虎斗', 'QQ': '154945817'}
{'项目': '平安好医生', 'QQ': '815525004'}
{'项目': '原创自媒体图文视频技术', 'QQ': '2238505936'}
{'项目': '怪商抢单APP', 'QQ': '1920324611'}
{'项目': '怪商抢单APP', 'QQ': '1920324611'}
{'项目': '腾讯微保小程序授权', 'QQ': '2693082423'}
{'项目': 'cpa注册', 'QQ': '2727398560'}
{'项目': '腾讯微保 小程序授权', 'QQ': '815525004'}
{'项目': '玩赚部落', 'QQ': '2100518661'}
{'项目': '光大云缴费 福利单 福利单', 'QQ': '815525004'}
{'项目': '招聘APP信息流采量异业换量', 'QQ': '461111269'}
{'项目': '简单cpa问卷注册产品', 'QQ': '2859800189'}
{'项目': '支付宝', 'QQ': '2727398560'}
{'项目': '美团外卖', 'QQ': '2727398560'}
{'项目': '云闪付', 'QQ': '2727398560'}
{'项目': '百度闪付', 'QQ': '2727398560'}
{'项目': '招商进件', 'QQ': '2727398560'}
{'项目': '创薪宝下载拉新', 'QQ': '37379603'}
{'项目': '5G短视频项目招商！！', 'QQ': '2497471148'}
{'项目': '全新海外版手游APP', 'QQ': '1079970229'}
{'项目': '花间直播', 'QQ': '2809529518'}
{'项目': '么么答简单实名', 'QQ': '649317635'}
{'项目': '宝猪试玩', 'QQ': '867213025'}
{'项目': '有搭档APP', 'QQ': '392791750'}
{'项目': '红人直播', 'QQ': '599316045'}
{'项目': '红人直播', 'QQ': '599316045'}
{'项目': '影视app『爱奇艺』', 'QQ': '810935717'}
{'项目': '慧择保险', 'QQ': '821433906'}
{'项目': '易水寒', 'QQ': '765412632'}
{'项目': '趣步', 'QQ': '879453852'}
{'项目': '享车信用加油总部', 'QQ': '13361555279'}
{'项目': '闪播', 'QQ': '2833640496'}
{'项目': '创梦影院', 'QQ': '331124081'}
{'项目': '小程序授权注册', 'QQ': '641632348'}
{'项目': '传奇类手游', 'QQ': '15229629'}
{'项目': '原创自媒体', 'QQ': '2447950609'}
{'项目': '京东支付一分', 'QQ': '1343877840'}
{'项目': '奇优小说', 'QQ': '2981467604'}
{'项目': '视觉秀场', 'QQ': '543778062'}
{'项目': '三七书屋', 'QQ': '3181994756'}
{'项目': '秒贷款', 'QQ': '3344272721'}
{'项目': '唤醒产品', 'QQ': '2727398560'}
{'项目': '指尖微赚', 'QQ': '921693754'}
{'项目': '各大软件应用实力推广', 'QQ': '2234672582'}
{'项目': '微信假聊', 'QQ': '641632348'}
{'项目': '大量一手单找主持，代理', 'QQ': '2530969929'}
{'项目': '发条休闲棋牌游戏', 'QQ': '2782381184'}
{'项目': '掌上生活', 'QQ': '2727398560'}
{'项目': '赛事汇', 'QQ': '172857867'}
{'项目': '海星sdk', 'QQ': '976703566'}
{'项目': '腾讯微保', 'QQ': '641632348'}
{'项目': '1', 'QQ': '1'}
{'项目': '米粉卡赠送100元话费月租5块', 'QQ': '258456857'}
{'项目': '弹窗', 'QQ': '2581437047'}
{'项目': '棋牌游戏', 'QQ': '3369164007'}
{'项目': '民生直销银行', 'QQ': '258456857'}
{'项目': '民生银行信用卡带官方后台', 'QQ': '258456857'}
{'项目': 'CPA渠道大佬 向我砸单砸单', 'QQ': '815525004'}
{'项目': '京东按摩椅支付0.01', 'QQ': '1466214100'}
{'项目': '现金贷', 'QQ': '2698175399'}
{'项目': '12家银行信用卡', 'QQ': '331878795'}
{'项目': '美仙虾', 'QQ': '759659759'}
{'项目': '中国银联云闪付一级代理拉新', 'QQ': '844768304'}
{'项目': '乐斗ZJ棋牌', 'QQ': '2172459117'}
{'项目': '乐斗ZJ棋牌', 'QQ': '2172459117'}
{'项目': '信用卡代还软件APP', 'QQ': '331878795'}
{'项目': '少儿编程', 'QQ': '641632348'}
{'项目': '趣头条', 'QQ': '99719746'}
{'项目': '速融之家', 'QQ': '2353159252'}
{'项目': '软银支付', 'QQ': '1185632094'}
{'项目': '兼职啦', 'QQ': '455755161'}
{'项目': '火猫直播', 'QQ': '1403471734'}
{'项目': '花间', 'QQ': '2502514326'}
{'项目': '服务器数据抓取虚拟机2块', 'QQ': '80659709'}
{'项目': '亦跑', 'QQ': '492420770'}
{'项目': '电脑或服务器挂机,每台2块左右', 'QQ': '80659706'}
{'项目': '防爆者防爆通讯录', 'QQ': '1755016431'}
{'项目': '移动电影院', 'QQ': '641632348'}
{'项目': '云闪付', 'QQ': '2644197818'}
{'项目': '正规话费充值平台', 'QQ': '758989119'}
{'项目': '暴风影音', 'QQ': '2581437047'}
{'项目': '9玩吧', 'QQ': '2407421605'}
{'项目': '中信信用卡纯申请', 'QQ': '1667386588'}
{'项目': '全行业注册下载', 'QQ': '2632796068'}
{'项目': '夺宝头条', 'QQ': '641632348'}
{'项目': '招聘棋牌代理', 'QQ': '573452330'}
{'项目': '腾讯新闻', 'QQ': '240482122'}
{'项目': '亿星直播', 'QQ': '1103433208'}
{'项目': '网借', 'QQ': '411540267'}
{'项目': '趣步APP注册，16块每个', 'QQ': '80659706'}
{'项目': '银行网络申请信用卡通道', 'QQ': '821607952'}
{'项目': '360清理大师', 'QQ': '516736418'}
{'项目': '菠菜软件公众号租售', 'QQ': '931343291'}
{'项目': '闪电盒子', 'QQ': '2581437047'}
{'项目': 'QQ/微信引流', 'QQ': '812682771'}
{'项目': '美女视频APP寻CPS推广渠道', 'QQ': '710645658'}
{'项目': '全行业', 'QQ': '2581437047'}
{'项目': '猪猪贷', 'QQ': '1840009738'}
{'项目': '抖音现户', 'QQ': '936564443'}
{'项目': '暴风影音', 'QQ': '793658790'}
{'项目': '手游平台商务合作外放纯CPS', 'QQ': '1485522591'}
{'项目': '趣步CPA注册认证后16块1个', 'QQ': '80659706'}
{'项目': '淘钱宝', 'QQ': '3304785914'}
{'项目': '星聊', 'QQ': '271616281'}
{'项目': '赚钱联盟', 'QQ': '1487780597'}
{'项目': '【花花贷】甲方新产品', 'QQ': '837226242'}
{'项目': '九妖游戏', 'QQ': '1789836386'}
{'项目': '蜜桃APP寻CPS渠道推广', 'QQ': '710645658'}
{'项目': '360', 'QQ': '1666632300'}
{'项目': '多家银行信用卡', 'QQ': '1015958154'}
{'项目': '乐乐彩票分析APP', 'QQ': '3005503350'}
{'项目': '钻石信用', 'QQ': '1663432874'}
{'项目': '平安普惠氧气贷', 'QQ': '1265334579'}
{'项目': '乐嗨嗨游戏', 'QQ': '1006640619'}
{'项目': '弹窗', 'QQ': '2581437047'}
{'项目': '法国名校布雷斯特商学院招生', 'QQ': '1378016172'}
{'项目': '优艺秀场', 'QQ': '2885608756'}
{'项目': '飞仙渡月', 'QQ': '1621919062'}
{'项目': '主播单聊APP寻CPS渠道', 'QQ': '710645658'}
{'项目': '长期收bc.cp.wz.qp量', 'QQ': '784643604'}
{'项目': '量大，质量高', 'QQ': '1954951424'}
{'项目': '2345手机助手', 'QQ': '3588089238'}
{'项目': '趣头条', 'QQ': '2581437047'}
{'项目': '360', 'QQ': '2581437047'}
{'项目': '农行掌上一手单', 'QQ': '315080669'}
{'项目': '看片APP，官方诚寻CPS渠道', 'QQ': '710645658'}
{'项目': '影院/交友类产品—官方寻渠道', 'QQ': '710645658'}
{'项目': '火猫直播', 'QQ': '2581437047'}
{'项目': '影院APP寻CPS渠道推广!', 'QQ': '710645658'}
{'项目': '交友APP寻CPS站长渠道推广', 'QQ': '710645658'}
{'项目': '京东好借cpa', 'QQ': '2998302812'}
{'项目': '大姨妈APP', 'QQ': '287309679'}
{'项目': '懂球帝', 'QQ': '287309679'}
{'项目': '推广狂人', 'QQ': '287309679'}
{'项目': '直播吧', 'QQ': '287309679'}
{'项目': '翻翻头条', 'QQ': '287309679'}
{'项目': '玩转手游', 'QQ': '603999680'}
{'项目': '影院产品恢复，寻CPS渠道推广', 'QQ': '710645658'}
{'项目': '收wz,棋牌量', 'QQ': '1104823699'}
{'项目': '全行业下载注册推广，任务量', 'QQ': '3475332635'}
{'项目': '交友APP诚招CPS渠道代理', 'QQ': '710645658'}
{'项目': '手游平台商务招代理推广放端', 'QQ': '1485522591'}
{'项目': '手机百度', 'QQ': '1215373244'}
{'项目': '谷享短视频', 'QQ': '616776347'}
{'项目': '交友类产品——诚寻CPS渠道', 'QQ': '710645658'}
{'项目': '一对一聊天APP寻CPS渠道', 'QQ': '710645658'}
{'项目': '爱乐发网贷推广平台寻求推广代理', 'QQ': '506770450'}
{'项目': '一对一聊天APP寻CPS渠道', 'QQ': '710645658'}
{'项目': 'MM聊天APP寻CPS渠道推广', 'QQ': '710645658'}
{'项目': '360借条授信补量', 'QQ': '1257143432'}
{'项目': '手赚APP', 'QQ': '2622255770'}
{'项目': '日均千万交友APP寻CPS渠道', 'QQ': '710645658'}
{'项目': '爆炸收益影院APP寻CPS渠道', 'QQ': '710645658'}
{'项目': '同城花趣APP寻CPS渠道代理', 'QQ': '710645658'}
{'项目': '爆炸收益APP寻CPS渠道推广', 'QQ': '710645658'}
{'项目': 'MM聊天APP寻CPS渠道推广', 'QQ': '710645658'}
{'项目': '影院类产品——官方寻CPS渠道', 'QQ': '710645658'}
{'项目': '交友APP寻CPS渠道诚招代理', 'QQ': '710645658'}
{'项目': '银钻开户15393929991', 'QQ': '3239191995'}
{'项目': '影院APP新品，寻CPS渠道', 'QQ': '710645658'}
{'项目': '直接与媒体对接端口量', 'QQ': '2396891695'}
{'项目': '龙潭直播', 'QQ': '2793109228'}
{'项目': '手游外放cps，来大佬聊', 'QQ': '1485522591'}
{'项目': '桃色影院APP寻CPS渠道', 'QQ': '710645658'}
{'项目': '佳人秀拍', 'QQ': '710645658'}
{'项目': '影院APP寻CPS渠道推广！', 'QQ': '710645658'}
{'项目': '影院APP寻CPS推广渠道', 'QQ': '710645658'}
{'项目': '影院APP寻CPS渠道，招代理', 'QQ': '710645658'}
{'项目': '日千万影院APP寻CPS渠道', 'QQ': '710645658'}
{'项目': '日均千万流水APP寻CPS渠道', 'QQ': '710645658'}
{'项目': '九妖游戏', 'QQ': '1485522591'}
{'项目': '日均千万流水APP寻CPS推广', 'QQ': '710645658'}
{'项目': '千万流水影院APP寻CPS推广', 'QQ': '710645658'}
{'项目': '龙潭直播', 'QQ': '2793109228'}
{'项目': '龙潭盒子', 'QQ': '2793109228'}
{'项目': '手游合作代理', 'QQ': '1485522591'}
{'项目': '影院APP高转换，寻CPS渠道', 'QQ': '710645658'}
{'项目': '黑五类信息流', 'QQ': '1097566303'}
{'项目': '富豪直播', 'QQ': '1694586095'}
{'项目': '富豪秀场', 'QQ': '1694586095'}
{'项目': '91桌面', 'QQ': '839770295'}
{'项目': '黄历天气', 'QQ': '839770295'}
{'项目': '微视频壁纸', 'QQ': '839770295'}
{'项目': '讯飞阅读', 'QQ': '839770295'}
{'项目': '美人暖恋寻CPS渠道推广！！', 'QQ': '710645658'}
{'项目': '一米智能QQ邮件营销系统', 'QQ': '1953253041'}
{'项目': '一米地图商家采集系统', 'QQ': '1953253041'}
{'项目': '极贷管家', 'QQ': '2338598183'}
{'项目': '官方新品蜜桃', 'QQ': '710645658'}
{'项目': '快约（通用链接）', 'QQ': '29274427'}
{'项目': '补量', 'QQ': '1424480348'}
{'项目': '亲嘴烧', 'QQ': '2492240740'}
{'项目': '信用卡代还APP推广', 'QQ': '2633712474'}
{'项目': '求大量真实app注册数据', 'QQ': '2633712474'}
{'项目': '寻大量真实信用卡app注册数据', 'QQ': '2633712474'}
{'项目': '九价HPV疫苗,加微信预约', 'QQ': '329885266'}
{'项目': '尤乐场', 'QQ': '122288610'}
{'项目': '棋牌游戏', 'QQ': '2461432271'}
{'项目': '京东金融app简单下载', 'QQ': '1258177088'}
{'项目': '密趣APP', 'QQ': '2367475792'}
{'项目': '密趣APP', 'QQ': '2367475792'}
{'项目': 'aso真人积分墙', 'QQ': '756394492'}
{'项目': '百度大搜框架，神马高创', 'QQ': '545251064'}
{'项目': '嗨秀 红人 优艺 达人', 'QQ': '165645181'}
{'项目': '跳一跳 贪吃蛇 棍子英雄', 'QQ': '165645181'}
{'项目': '熊猫英语童话主题一节免费体验课', 'QQ': '0'}
{'项目': '熊猫英语童话主题一节免费体验课', 'QQ': '0'}
{'项目': '爱上头条', 'QQ': '277632094'}
{'项目': '铨铭分润', 'QQ': '3025427861'}
{'项目': '蚂蚁阅读', 'QQ': '271521884'}
{'项目': '需要微信社群/公众号CPA合作', 'QQ': '1506142358'}
{'项目': '速融之家', 'QQ': '1204567772'}
{'项目': '红图', 'QQ': '346106635'}
{'项目': '斗地主', 'QQ': '748869288'}
{'项目': '手游（双端）招推广', 'QQ': '1485522591'}
{'项目': '速融之家', 'QQ': '173529458'}
{'项目': '棋牌，网赚，彩票', 'QQ': '1749414531'}
{'项目': '新能源理财app寻求cps合作', 'QQ': '1277546777'}
{'项目': '手机百度', 'QQ': '349287676'}
{'项目': '好看视频', 'QQ': '349287676'}
{'项目': '天天快报', 'QQ': '349287676'}
{'项目': '新能源理财app寻求cps合作', 'QQ': '1277546777'}
{'项目': '新能源理财app寻求cps合作', 'QQ': '1277546777'}
{'项目': '赚邦积分墙', 'QQ': '2985059618'}
{'项目': '手游平台招推广（双端）放CPS', 'QQ': '1485522591'}
{'项目': '天天快报', 'QQ': '349287676'}
{'项目': '语音广告，语音群呼，智能AI', 'QQ': '546995927'}
{'项目': '众人帮文化传媒有限公司', 'QQ': '2191510898'}
{'项目': '众人帮文化传媒', 'QQ': '2191510898'}
{'项目': '360借条', 'QQ': '2523878833'}
{'项目': '各行信用卡', 'QQ': '2191510898'}
{'项目': '找各大信用卡合作渠道商', 'QQ': '2123283320'}
{'项目': '好看视频', 'QQ': '2918039658'}
{'项目': '尤乐场', 'QQ': '147763793'}
{'项目': '手游招渠道代理合作高分成', 'QQ': '1485522591'}
{'项目': '手游推广赚钱', 'QQ': '1485522591'}
{'项目': '各行信用卡', 'QQ': '3059010049'}
{'项目': '手游（双端）平台', 'QQ': '1485522591'}
{'项目': '手游平台放端，链接', 'QQ': '1485522591'}
{'项目': '信用卡', 'QQ': '1084563584'}
{'项目': '信用卡', 'QQ': '1084563584'}
{'项目': '冰熊莽荒纪', 'QQ': '1621919062'}
{'项目': '亚游棋牌', 'QQ': '2723258760'}
{'项目': '360借条', 'QQ': '2865036915'}
{'项目': '各行信用卡', 'QQ': '3059010049'}
{'项目': '亚游棋牌', 'QQ': '2723258760'}
{'项目': '淘能量', 'QQ': '445298764'}
{'项目': '乐嗨嗨游戏', 'QQ': '1485522591'}
{'项目': '360借条注册', 'QQ': '420906646'}
{'项目': '贷款推广代理平台寻求有量渠道方', 'QQ': '506770450'}
{'项目': '依依（一对一视频聊天）', 'QQ': '395598447'}
{'项目': '贷款超市', 'QQ': '1107299538'}
{'项目': '小说派单', 'QQ': '1448955928'}
{'项目': 'app注册登录', 'QQ': '2401328295'}
{'项目': '附近约爱', 'QQ': '2509015280'}
{'项目': '小说', 'QQ': '2097721548'}
{'项目': '手游平台招代理推广（双端）', 'QQ': '1485522591'}
{'项目': '互联网推广', 'QQ': '1714697718'}
{'项目': '吉品播放器', 'QQ': '71616724'}
{'项目': '小鹿直播', 'QQ': '202744484'}
{'项目': '约爱直播', 'QQ': '202744484'}
{'项目': '约单', 'QQ': '992373880'}
{'项目': '小猫积分墙', 'QQ': '2873014433'}
{'项目': '神之物语', 'QQ': '923958520'}
{'项目': 'app线下推广上海成都郑州长沙', 'QQ': '1216911022'}
{'项目': '58同城实名', 'QQ': '2223566799'}
{'项目': '信用卡产品，寻推广渠道等', 'QQ': '934250628'}
{'项目': '网易BOBO', 'QQ': '43889290'}
{'项目': '038彩票', 'QQ': '531174487'}
{'项目': '贷款产品cpa', 'QQ': '2409208607'}
{'项目': '高佣联盟', 'QQ': '123626880'}
{'项目': 'P2P入金,投资补量', 'QQ': '364788952'}
{'项目': '微寻', 'QQ': '648879673'}
{'项目': '快递惠', 'QQ': '474475743'}
{'项目': '秀色秀场', 'QQ': '2523878833'}
{'项目': '牌乐门', 'QQ': '625218939'}
{'项目': 'e贷导航', 'QQ': '512513568'}
{'项目': '现金贷', 'QQ': '512513568'}
{'项目': '8号游戏', 'QQ': '707991888'}
{'项目': '信用卡自动代还软件', 'QQ': '1527330578'}
{'项目': '嗨秀秀场', 'QQ': '2465067766'}
{'项目': 'app下载注册小程序认证', 'QQ': '1241629334'}
{'项目': '乐嗨', 'QQ': '286497830'}
{'项目': '红人直播', 'QQ': '286497830'}
{'项目': '秀色', 'QQ': '286497830'}
{'项目': '蜜蜂直播', 'QQ': '286497830'}
{'项目': '偷星猫', 'QQ': '3293470060'}
{'项目': '互动广告', 'QQ': '2108193753'}
{'项目': '接微信新增留存支付', 'QQ': '125175067'}
{'项目': '斗米优聘', 'QQ': '362065209'}
{'项目': '红人直播', 'QQ': '2465067766'}
{'项目': '微信多开助手/微粉管家', 'QQ': '2924628643'}
{'项目': '信用卡推广(核卡即可）', 'QQ': '944702224'}
{'项目': '推广找我，保质保量！', 'QQ': '1586406577'}
{'项目': '平安意外出行险    不预付', 'QQ': '1260417615'}
{'项目': '剑舞长生', 'QQ': '208809995'}
{'项目': '捕鱼棋牌产品收各种渠道实力强', 'QQ': '362800129'}
{'项目': '亚奇国际游戏平台', 'QQ': '3170847314'}
{'项目': '帮帮测（算命占卜咨询）', 'QQ': '1002348022'}
{'项目': '微保赠险合作', 'QQ': '84153349'}
{'项目': '微信假聊', 'QQ': '641632348'}
{'项目': '健康到位APP', 'QQ': '1265200442'}
{'项目': '全民管家', 'QQ': '1005474796'}
{'项目': '花有商城日结求车主资源渠道', 'QQ': '2970800947'}
{'项目': '牌客吧', 'QQ': '296070714'}
{'项目': '试玩平台寻求合作', 'QQ': '1448543652'}
{'项目': '交友cps', 'QQ': '376178760'}
{'项目': '波波视频', 'QQ': '516736418'}
{'项目': '任何产品', 'QQ': '2930426932'}
{'项目': '拾金部落', 'QQ': '65402960'}
{'项目': '东方头条唤醒', 'QQ': '2108193753'}
{'项目': '今日头条  唤醒', 'QQ': '2108193753'}
{'项目': '东方头条', 'QQ': '45898505'}
{'项目': 'UU约爱直播', 'QQ': '202744484'}
{'项目': '平安普惠', 'QQ': '1260417615'}
{'项目': '预约吧', 'QQ': '1649361628'}
{'项目': '保险产品H5注册', 'QQ': '79768143'}
{'项目': 'CPD渠道', 'QQ': '2901180189'}
{'项目': '网信理财', 'QQ': '767941862'}
{'项目': '收贷款类自然量', 'QQ': '9116583'}
{'项目': '承接机刷游戏优化注册登录留存', 'QQ': '1424480348'}
{'项目': '国泰君弘', 'QQ': '641632348'}
{'项目': '玖富万卡激活出额', 'QQ': '1132796980'}
{'项目': '企鹅号', 'QQ': '463946743'}
{'项目': '今算盘APP实名注册', 'QQ': '2584259929'}
{'项目': '安卓端手游', 'QQ': '2853207970'}
{'项目': '阴阳师', 'QQ': '875368741'}
{'项目': 'KK直播', 'QQ': '875368741'}
{'项目': '短代', 'QQ': '0'}
{'项目': '推信用卡赚佣金', 'QQ': '361115198'}
{'项目': '推POS机赚佣金', 'QQ': '361115198'}
{'项目': '瑞银信分享版', 'QQ': '395897690'}
{'项目': '恋爱宝典', 'QQ': '907251411'}
{'项目': '淘一卡管家APP', 'QQ': '953739969'}
{'项目': '网信理财 全网最高价', 'QQ': '57051851'}
{'项目': '提供自然流量，线上广告位', 'QQ': '995232829'}
{'项目': '骑战三国', 'QQ': '903919809'}
{'项目': '不朽凡人', 'QQ': '903919809'}
{'项目': '山海经', 'QQ': '903919809'}
{'项目': '游戏棋牌渠道', 'QQ': '794649873'}
{'项目': 'APP下载注册', 'QQ': '980205797'}
{'项目': '应用找付费推广渠道', 'QQ': '1952404166'}
{'项目': '51赚钱', 'QQ': '89758295'}
{'项目': '信用卡进件和核卡', 'QQ': '89758295'}
{'项目': '乐嗨嗨手游注册', 'QQ': '12152457'}
{'项目': '招财锁', 'QQ': '3438265238'}
{'项目': '斗米兼职', 'QQ': '208108741'}
{'项目': '接新增活跃充值等游戏数据优化', 'QQ': '330430666'}
{'项目': '平板租赁', 'QQ': '330430666'}
{'项目': '会员宝', 'QQ': '1105919875'}
{'项目': '金博棋牌', 'QQ': '1520909513'}
{'项目': '闲撩视频聊天软件', 'QQ': '115034945'}
{'项目': '一对一视频聊天APP', 'QQ': '2655573098'}
{'项目': '婚恋交友', 'QQ': '731306247'}
{'项目': '婚恋交友', 'QQ': '731306247'}
{'项目': '十年公司短信渠道', 'QQ': '1244480917'}
{'项目': '数码兽觉醒', 'QQ': '635448148'}
{'项目': '小企鹅乐园', 'QQ': '635448148'}
{'项目': '约钱', 'QQ': '2602899006'}
{'项目': '金博棋牌', 'QQ': '531174487'}
{'项目': '正统三国', 'QQ': '903919809'}
{'项目': '长生诀', 'QQ': '903919809'}
{'项目': '旺旺借条', 'QQ': '635448148'}
{'项目': '发条英雄', 'QQ': '635448148'}
{'项目': '梦想世界3D', 'QQ': '1295208659'}
{'项目': '苍之纪元', 'QQ': '1295208659'}
{'项目': '伟德国际', 'QQ': '1013097423'}
{'项目': '永恒纪元', 'QQ': '903919809'}
{'项目': '传奇世界', 'QQ': '903919809'}
{'项目': '剑猫', 'QQ': '270585849'}
{'项目': '浦发信用卡CPA核卡', 'QQ': '429260418'}
{'项目': '西瓜宝宝APP', 'QQ': '578091895'}
{'项目': '威信电玩城', 'QQ': '188686808'}
{'项目': '95约爱', 'QQ': '37228421'}
{'项目': '乐嗨', 'QQ': '37228421'}
{'项目': '凤凰娱乐-快乐人生', 'QQ': '2115489862'}
{'项目': '叮当快药', 'QQ': '168628127'}
{'项目': '360贷款超市', 'QQ': '334100370'}
{'项目': '百助下载器', 'QQ': '334100370'}
{'项目': '攒钱钱APP', 'QQ': '601294861'}
{'项目': '百科创建', 'QQ': '851416785'}
{'项目': '信用卡进件', 'QQ': '272169323'}
{'项目': '乐嗨', 'QQ': '2523878833'}
{'项目': '在线少儿英语H5落地页推广', 'QQ': '3392056958'}
{'项目': '真爱', 'QQ': '37228421'}
{'项目': '【官方】开心消消乐', 'QQ': '2495453337'}
{'项目': '速易花', 'QQ': '2913695424'}
{'项目': '试玩游戏赚钱', 'QQ': '495689151'}
{'项目': '手机POS机招合伙人', 'QQ': '215522875'}
{'项目': '小树金融', 'QQ': '375209118'}
{'项目': '情泡泡', 'QQ': '3170847314'}
{'项目': '任性付', 'QQ': '702289409'}
{'项目': '95秀', 'QQ': '2523878833'}
{'项目': 'IP变换器', 'QQ': '460140892'}
{'项目': '扫码注册', 'QQ': '308514078'}
{'项目': '乐嗨秀场', 'QQ': '3288768391'}
{'项目': '红人直播', 'QQ': '3288768391'}
{'项目': '蜜疯直播', 'QQ': '3288768391'}
{'项目': '嗨秀秀场', 'QQ': '3288768391'}
{'项目': '乐嗨秀场', 'QQ': '3288768391'}
{'项目': '秀色秀场', 'QQ': '3288768391'}
{'项目': '美团', 'QQ': '28508777925'}
{'项目': '今日必看', 'QQ': '2850811562'}
{'项目': '棋牌手游', 'QQ': '442373012'}
{'项目': '快捷便签', 'QQ': '983650990'}
{'项目': '淘宝客', 'QQ': '3171847314'}
{'项目': '日记', 'QQ': '3171847314'}
{'项目': '9秀', 'QQ': '37228421'}
{'项目': '小树金融', 'QQ': '495689151'}
{'项目': '招聘兼职', 'QQ': '1729989346'}
{'项目': '超高转化交友寻渠道', 'QQ': '422964710'}
{'项目': '神武3', 'QQ': '3004306033'}
{'项目': '嗨秀', 'QQ': '2523878833'}
{'项目': '奢货', 'QQ': '712927900'}
{'项目': 'ios机刷源头', 'QQ': '9117821'}
{'项目': '理财产品寻找渠道，高额返点', 'QQ': '765747058'}
{'项目': '积分墙推游戏', 'QQ': '2224283495'}
{'项目': '精准渠道推广', 'QQ': '183483960'}
{'项目': 'H5棋牌收粉收量', 'QQ': '1393918003'}
{'项目': '红包快手', 'QQ': '834516809'}
{'项目': '同城快约', 'QQ': '37228421'}
{'项目': '红人直播', 'QQ': '2523878833'}
{'项目': '寻爱', 'QQ': '37228421'}
{'项目': '战龙三国', 'QQ': '1083211541'}
{'项目': '芸控', 'QQ': '2454553140'}
{'项目': '任性付40日结', 'QQ': '1743827421'}
{'项目': '大额钱包', 'QQ': '2357226542'}
{'项目': '乐嗨直播通用链接', 'QQ': '12379421'}
{'项目': '95秀', 'QQ': '12379421'}
{'项目': '真爱交友', 'QQ': '12379421'}
{'项目': '腾讯自选股', 'QQ': '1099787206'}
{'项目': '腾讯新闻', 'QQ': '1099787206'}
{'项目': '每日优鲜', 'QQ': '2850877925'}
{'项目': '塔读文学', 'QQ': '2850877925'}
{'项目': '淘宝', 'QQ': '2850877925'}
{'项目': '借了吗', 'QQ': '2850877925'}
{'项目': '免费全本小说书城', 'QQ': '2781212511'}
{'项目': '王者荣耀', 'QQ': '3004306033'}
{'项目': '亿金钱包', 'QQ': '2357226542'}
{'项目': '来得快', 'QQ': '2357226542'}
{'项目': '速米金融', 'QQ': '2357226542'}
{'项目': '云付', 'QQ': '2742577841'}
{'项目': '达人直播  安卓', 'QQ': '2881634940'}
{'项目': '同城求偶', 'QQ': '3450227280'}
{'项目': '缘分吧', 'QQ': '3450227280'}
{'项目': '贷款类产品', 'QQ': '1152651041'}
{'项目': '火球买手', 'QQ': '3004306033'}
{'项目': '元气封神', 'QQ': '3004306033'}
{'项目': '花花白卡', 'QQ': '2357226542'}
{'项目': '三宫六院', 'QQ': '903919809'}
{'项目': '浙商银行-H5纯绑卡', 'QQ': '466960062'}
{'项目': '棋牌游戏', 'QQ': '342028418'}
{'项目': '平安普惠', 'QQ': '3581304409'}
{'项目': '茹珍优品', 'QQ': '823607882'}
{'项目': '爸爸钱包', 'QQ': '2357226542'}
{'项目': '微贷', 'QQ': '0'}
{'项目': '活动申请注册页面推广！', 'QQ': '598921836'}
{'项目': '速易花', 'QQ': '3218919681'}
{'项目': '支付宝、微信收款码B端', 'QQ': '250367777'}
{'项目': '水晶直播', 'QQ': '2523878833'}
{'项目': '喵播', 'QQ': '2523878833'}
{'项目': '派派钱包', 'QQ': '61910465'}
{'项目': '微信多开', 'QQ': '782551871'}
{'项目': '95约爱 安卓', 'QQ': '2881634940'}
{'项目': '95约爱 苹果', 'QQ': '2881634940'}
{'项目': '乐嗨 安卓', 'QQ': '2881634940'}
{'项目': '乐嗨 苹果', 'QQ': '2881634940'}
{'项目': '嗨秀 安卓', 'QQ': '2881634940'}
{'项目': '嗨秀 苹果', 'QQ': '2881634940'}
{'项目': '秀色秀场 安卓', 'QQ': '2881634940'}
{'项目': '秀色秀场 苹果', 'QQ': '2881634940'}
{'项目': '红人直播 安卓', 'QQ': '2881634940'}
{'项目': '红人直播 苹果', 'QQ': '2881634940'}
{'项目': '95美女秀', 'QQ': '2881634940'}
{'项目': '乐嗨 安卓', 'QQ': '2881634940'}
{'项目': '乐嗨 苹果', 'QQ': '2881634940'}
{'项目': '嗨秀 安卓', 'QQ': '2881634940'}
{'项目': '乐嗨 安卓', 'QQ': '2881634940'}
{'项目': '嗨秀 苹果', 'QQ': '2881634940'}
{'项目': '快手', 'QQ': '3076400998'}
{'项目': '搜狗阅读', 'QQ': '3076400998'}
{'项目': '云付APP', 'QQ': '448352230'}
{'项目': '江山美人', 'QQ': '903919809'}
{'项目': '梦幻仙游', 'QQ': '903919809'}
{'项目': '阿拉德之怒', 'QQ': '903919809'}
{'项目': '信而富现金贷', 'QQ': '765747058'}
{'项目': '红人直播 安卓', 'QQ': '2881634940'}
{'项目': '红人直播 苹果', 'QQ': '2881634940'}
{'项目': '秀色秀场 安卓', 'QQ': '2881634940'}
{'项目': '秀色秀场 苹果', 'QQ': '2881634940'}
{'项目': '95约爱 安卓', 'QQ': '2881634940'}
{'项目': '95约爱 苹果', 'QQ': '2881634940'}
{'项目': '乐嗨 安卓', 'QQ': '2881634940'}
{'项目': '乐嗨 苹果', 'QQ': '2881634940'}
{'项目': '嗨秀 安卓', 'QQ': '2881634940'}
{'项目': '嗨秀 苹果', 'QQ': '2881634940'}
{'项目': '容易付', 'QQ': '466960062'}
{'项目': '95约爱 安卓', 'QQ': '2881634940'}
{'项目': '乐嗨 安卓', 'QQ': '2881634940'}
{'项目': '嗨秀 安卓', 'QQ': '2881634940'}
{'项目': '红人直播 安卓', 'QQ': '2881634940'}
{'项目': '95约爱 苹果', 'QQ': '2881634940'}
{'项目': '乐嗨 苹果', 'QQ': '2881634940'}
{'项目': '嗨秀 苹果', 'QQ': '2881634940'}
{'项目': '红人直播 苹果', 'QQ': '2881634940'}
{'项目': '通兑全城', 'QQ': '44020112'}
{'项目': '95约爱 苹果', 'QQ': '2881634940'}
{'项目': '乐嗨 苹果', 'QQ': '2881634940'}
{'项目': '红人直播 苹果', 'QQ': '2881634940'}
{'项目': '优艺直播 安卓', 'QQ': '2881634940'}
{'项目': '小和宝', 'QQ': '3385188207'}
{'项目': '红人直播 苹果', 'QQ': '2881634940'}
{'项目': '95美女秀', 'QQ': '2881634940'}
{'项目': '乐嗨 苹果', 'QQ': '2881634940'}
{'项目': '嗨秀 苹果', 'QQ': '2881634940'}
{'项目': '小树时代', 'QQ': '495689151'}
{'项目': '95约爱 苹果', 'QQ': '2881634940'}
{'项目': '乐嗨', 'QQ': '2881634940'}
{'项目': '95约爱 苹果', 'QQ': '2881634940'}
{'项目': '信而富现金贷', 'QQ': '1828280740'}
{'项目': '红人直播', 'QQ': '2881634940'}
{'项目': '红手指', 'QQ': '3293729583'}
{'项目': '101微游戏', 'QQ': '510272716'}
{'项目': '蜜淘网APP', 'QQ': '823375378'}
{'项目': '苏宁任性付注册申请出额度', 'QQ': '66718915'}
{'项目': '款爷纯申请不会下款版', 'QQ': '3375173063'}
{'项目': '天子', 'QQ': '935456077'}
{'项目': '全民点游', 'QQ': '935456077'}
{'项目': '地推线上新闻APP阅读永久提成', 'QQ': '935456077'}
{'项目': '幺幺玖钱包', 'QQ': '1071939933'}
{'项目': '幺幺玖钱包', 'QQ': '1071939933'}
{'项目': '小7手游', 'QQ': '674227600'}
{'项目': '微信朋友圈小游戏', 'QQ': '935456077'}
{'项目': '暴利CPA', 'QQ': '394499290'}
{'项目': '亚热贷', 'QQ': '1129517280'}
{'项目': '美女cc', 'QQ': '3960135'}
{'项目': '秀吧', 'QQ': '2523878833'}
{'项目': '小树时代', 'QQ': '495689151'}
{'项目': '楠楠约吧（广电局持有直播证）', 'QQ': '896912157'}
{'项目': '欢乐直播', 'QQ': '2523878833'}
{'项目': '现金贷推广A+S、S合作', 'QQ': '765747058'}
{'项目': '年年捕鱼游戏厅', 'QQ': '1317008731'}
{'项目': '小树时代', 'QQ': '495689151'}
{'项目': '小树时代', 'QQ': '375202522'}
{'项目': '95秀', 'QQ': '2463910033'}
{'项目': '红人直播', 'QQ': '2463910033'}
{'项目': '乐嗨', 'QQ': '2463910033'}
{'项目': '北京银联钱包推广', 'QQ': '1485919150'}
{'项目': '王者争雄', 'QQ': '903919809'}
{'项目': '花呗借呗微粒贷提额', 'QQ': '371120800'}
{'项目': '教育地图', 'QQ': '811151992'}
{'项目': '仙侠世界2', 'QQ': '3171847314'}
{'项目': '三国志', 'QQ': '547476484'}
{'项目': '趣聊', 'QQ': '84392495'}
{'项目': '美女视频cps', 'QQ': '544515112'}
{'项目': '美女视频cps', 'QQ': '544515112'}
{'项目': '兵临城下', 'QQ': '903919809'}
{'项目': '群雄逐鹿', 'QQ': '903919809'}
{'项目': '逐鹿中原', 'QQ': '903919809'}
{'项目': '火星圈', 'QQ': '119606019'}
{'项目': '1个用户给3块用PC上注册就行', 'QQ': '80659706'}
{'项目': 'GEC环保创业', 'QQ': '461501404'}
{'项目': '豆豆趣玩app', 'QQ': '1504151465'}
{'项目': '联付app', 'QQ': '1504151465'}
{'项目': '红人点点app', 'QQ': '1504151465'}
{'项目': '支付宝扫码', 'QQ': '190386926'}
{'项目': '今日头条app', 'QQ': '190386926'}
{'项目': '拉趣网', 'QQ': '190386926'}
{'项目': '给你花app', 'QQ': '2950276881'}
{'项目': '分期乐app', 'QQ': '2950276881'}
{'项目': '友宝', 'QQ': '2950276881'}
{'项目': '任性付app', 'QQ': '3174159676'}
{'项目': '链信app', 'QQ': '3174159676'}
{'项目': '今日头条app', 'QQ': '3174159676'}
{'项目': '淘宝推广', 'QQ': '8120161'}
{'项目': '给你花app', 'QQ': '2874095204'}
{'项目': '拉趣网app', 'QQ': '2874095204'}
{'项目': '每日扫码', 'QQ': '2165771908'}
{'项目': '空中入网app', 'QQ': '2165771908'}
{'项目': '交通银行', 'QQ': '2165771908'}
{'项目': '友宝', 'QQ': '2874095204'}
{'项目': '友宝', 'QQ': '3230177211'}
{'项目': '分期乐app', 'QQ': '3230177211'}
{'项目': '给你花app', 'QQ': '3230177211'}
{'项目': '链信app', 'QQ': '2190386926'}
{'项目': 'FPS类网络游戏', 'QQ': '100592175'}
{'项目': '信而富', 'QQ': '470882030'}
{'项目': '豆豆趣玩app', 'QQ': '2190386926'}
{'项目': '联付app', 'QQ': '2190386926'}
{'项目': '苏宁app', 'QQ': '3252140798'}
{'项目': '联付app', 'QQ': '3252140798'}
{'项目': '支付宝扫码', 'QQ': '3252140798'}
{'项目': '联付app', 'QQ': '1304151465'}
{'项目': '拉趣网app', 'QQ': '1304151465'}
{'项目': '龙支付', 'QQ': '1304151465'}
{'项目': '信而富app', 'QQ': '2327857647'}
{'项目': '任性付app', 'QQ': '2327857647'}
{'项目': '豆豆趣玩app', 'QQ': '2327857647'}
{'项目': '链信app', 'QQ': '2253947197'}
{'项目': '指还王app', 'QQ': '2253947197'}
{'项目': '龙猫app', 'QQ': '2253947197'}
{'项目': '给你花app', 'QQ': '370196653'}
{'项目': '联付app', 'QQ': '370196653'}
{'项目': '豆豆趣玩app', 'QQ': '370196653'}
{'项目': '分期乐app', 'QQ': '3331351711'}
{'项目': '钱包管家app', 'QQ': '3331351711'}
{'项目': '给你花app', 'QQ': '3331351711'}
{'项目': '领奇理财', 'QQ': '1014912530'}
{'项目': '美女直播推广', 'QQ': '782162846'}
{'项目': '蜜桃社', 'QQ': '3223757895'}
{'项目': '油白条', 'QQ': '100817859'}
{'项目': '微乐商城', 'QQ': '2597167788'}
{'项目': '密疯直播', 'QQ': '2523878833'}
{'项目': '收付款APP', 'QQ': '208934043'}
{'项目': '国士无双', 'QQ': '903919809'}
{'项目': '大数据APP求安装量', 'QQ': '80659706'}
{'项目': '微猫搜索', 'QQ': '80659706'}
{'项目': '龙岩麻将房卡代理', 'QQ': '80659706'}
{'项目': '浦发信用卡', 'QQ': '80659706'}
{'项目': '微猫企业大数据', 'QQ': '80659706'}
{'项目': '容易付', 'QQ': '2825066977'}
{'项目': '蜜桃社', 'QQ': '3223757895'}
{'项目': '闪电降价', 'QQ': '983897296'}
{'项目': '快快优车', 'QQ': '250015029'}
{'项目': '今日头条', 'QQ': '2327855519'}
{'项目': '购了么', 'QQ': '631902650'}
{'项目': '火了演艺', 'QQ': '912949912'}
{'项目': '蜜桃社', 'QQ': '3223757895'}
{'项目': '纬智联', 'QQ': '532581310'}
{'项目': '彩票app', 'QQ': '1240659934'}
{'项目': 'VR赛车游戏', 'QQ': '3425229434'}
{'项目': '信而富', 'QQ': '1263552032'}
{'项目': '创业战歌', 'QQ': '903919809'}
{'项目': '热血传奇', 'QQ': '903919809'}
{'项目': '菜鸟棋牌', 'QQ': '1475089695'}
{'项目': '蜜汁直播', 'QQ': '223757895'}
{'项目': '诛仙', 'QQ': '903919809'}
{'项目': '梦幻诛仙', 'QQ': '903919809'}
{'项目': '天龙八部', 'QQ': '903919809'}
{'项目': '陌陌', 'QQ': '2327855519'}
{'项目': '神印王座', 'QQ': '18288013'}
{'项目': '信用卡（推广）补贴提升', 'QQ': '1070951577'}
{'项目': '品恋', 'QQ': '1210799776'}
{'项目': '蜜桃社', 'QQ': '3223757895'}
{'项目': 'QQ管家', 'QQ': '455395718'}
{'项目': '外汇理财', 'QQ': '1741204455'}
{'项目': '手盟易赚', 'QQ': '1399583126'}
{'项目': '超级马里奥酷跑', 'QQ': '14007708'}
{'项目': '蜜桃社', 'QQ': '3223757895'}
{'项目': '广州汽车众筹理财平台', 'QQ': '870879814'}
{'项目': '蜜桃奢', 'QQ': '3223757895'}
{'项目': '优才，白领贷', 'QQ': '2464337369'}
{'项目': '平安i贷', 'QQ': '13251012949'}
{'项目': '360借条', 'QQ': '13251012949'}
{'项目': '懒腰APP', 'QQ': '2601039544'}
{'项目': '奖中奖', 'QQ': '1767836'}
{'项目': '蜀志ios', 'QQ': '903919809'}
{'项目': '铁血霸业', 'QQ': '903919809'}
{'项目': '暗黑战歌', 'QQ': '903919809'}
{'项目': '欢乐真人麻将', 'QQ': '4439278'}
{'项目': '蜜桃社', 'QQ': '3223757895'}
{'项目': '单身恋恋', 'QQ': '421019295'}
{'项目': '支付宝收钱码商户推广', 'QQ': '1485919150'}
{'项目': '中国建设银行龙之付商户拓展', 'QQ': '1485919150'}
{'项目': '宇宙直播', 'QQ': '791450326'}
{'项目': '蜜桃社', 'QQ': '3223757895'}
{'项目': '东方财富证券', 'QQ': '28946183'}
{'项目': '平安信用卡大批量推广（全国单）', 'QQ': '1989196699'}
{'项目': '五行天', 'QQ': '903919809'}
{'项目': '神话永恒手游', 'QQ': '903919809'}
{'项目': '信而富', 'QQ': '809688372'}
{'项目': '飞行之翼', 'QQ': '3004851926'}
{'项目': '信而富现金贷', 'QQ': '809688372'}
{'项目': '东方头条H5', 'QQ': '921451060'}
{'项目': '航海王启航', 'QQ': '903919809'}
{'项目': '贷款产品，寻后付渠道，无预付', 'QQ': '1300104218'}
{'项目': '星悦直播广告推广', 'QQ': '3225108498'}
{'项目': '手机秒达营业厅/刷赚', 'QQ': '172283415'}
{'项目': '深橙直播', 'QQ': '3345810583'}
{'项目': '淘宝', 'QQ': '1141314023'}
{'项目': '李强365', 'QQ': '975798510'}
{'项目': '返利锦', 'QQ': '582814401'}
{'项目': '年轻人的消费借款', 'QQ': '1877312796'}
{'项目': '小树金融', 'QQ': '375209118'}
{'项目': '小树时代', 'QQ': '373716590'}
{'项目': '全国信贷', 'QQ': '1573174142'}
{'项目': '手机百度', 'QQ': '3055404140'}
{'项目': '魔伴桌面', 'QQ': '2880263946'}
{'项目': '网趣游戏', 'QQ': '11921373'}
{'项目': '影之刃2', 'QQ': '903919809'}
{'项目': '2345浏览器', 'QQ': '1849773779'}
{'项目': '爱信钱包APP', 'QQ': '1013654595'}
{'项目': '爱信钱包', 'QQ': '1013654595'}
{'项目': '蘑菇街', 'QQ': '1849773779'}
{'项目': '360卫士', 'QQ': '1849773779'}
{'项目': '高德地图', 'QQ': '1849773779'}
{'项目': '美团', 'QQ': '1849773779'}
{'项目': '腾讯动漫', 'QQ': '1849773779'}
{'项目': '易集分', 'QQ': '1849773779'}
{'项目': '求学宝—高考志愿填报', 'QQ': '270552663'}
{'项目': '豌豆荚', 'QQ': '1849773779'}
{'项目': '安淘|淘宝天猫内部优惠券', 'QQ': '445527254'}
{'项目': '百乐电玩', 'QQ': '2232763578'}
{'项目': '体坛+app', 'QQ': '1277848421'}
{'项目': '抢先贷 优才贷', 'QQ': '2464337369'}
{'项目': '蓝月传奇', 'QQ': '903919809'}
{'项目': '疯牛直播', 'QQ': '458465931'}
{'项目': '悦来游戏', 'QQ': '287777896'}
{'项目': '苏宁‘任性付’APP申请', 'QQ': '406589973'}
{'项目': '神韵牛牛【房卡类】', 'QQ': '1038867792'}
{'项目': '年轻人的消费借款', 'QQ': '2464337369'}
{'项目': '年轻人的消费借款', 'QQ': '2464337369'}
{'项目': '群友斗地主', 'QQ': '2309934217'}
{'项目': '超变刀刀爆', 'QQ': '3055404140'}
{'项目': '御仙剑心', 'QQ': '3055404140'}
{'项目': '小树时代', 'QQ': '642040383'}
{'项目': '鹊桥之恋', 'QQ': '413641346'}
{'项目': '鹊桥在线', 'QQ': '413641346'}
{'项目': '小树贷款', 'QQ': '2539200912'}
{'项目': '小树金融', 'QQ': '375209'}
{'项目': '年轻人的消费借款', 'QQ': '2464337369'}
{'项目': '手机号码定位APP-哪儿呢', 'QQ': '2329128546'}
{'项目': '手机号码定位APP——哪儿呢', 'QQ': '2329128546'}
{'项目': '百度外卖', 'QQ': '1119446280'}
{'项目': '云付', 'QQ': '1848983141'}
{'项目': '手机百度', 'QQ': '3308524559'}
{'项目': '零钱罐', 'QQ': '1491301483'}
{'项目': '小枕头', 'QQ': '2322405297'}
{'项目': '小枕头', 'QQ': '2322405297'}
{'项目': '寂寞同城聊', 'QQ': '273153910'}
{'项目': '魔伴桌面', 'QQ': '2855640'}
{'项目': '花无缺有效贷款用户', 'QQ': '2970800947'}
{'项目': '城市云管家', 'QQ': '877831433'}
{'项目': '搜狗阅读', 'QQ': '2327855519'}
{'项目': '皇家棋牌', 'QQ': '1725249941'}
{'项目': '信而富现金贷APP', 'QQ': '1750324612'}
{'项目': '【信而富】现金贷', 'QQ': '1750324612'}
{'项目': '齐齐直播', 'QQ': '258134092'}
{'项目': '信而富', 'QQ': '3088233141'}
{'项目': '91直播', 'QQ': '258134092'}
{'项目': '一直播', 'QQ': '258134092'}
{'项目': '新天游戏', 'QQ': '979807068'}
{'项目': '建行龙支付', 'QQ': '358623439'}
{'项目': '建行龙支付', 'QQ': '358623439'}
{'项目': '新浪微博', 'QQ': '2382324605'}
{'项目': '纯注册', 'QQ': '717975937'}
{'项目': '【信而富】现金贷APP', 'QQ': '1750324612'}
{'项目': '信而富现金贷', 'QQ': '1750324612'}
{'项目': '【信而富】现金贷APP', 'QQ': '1750324612'}
{'项目': '腾讯动漫', 'QQ': '274015553'}
{'项目': '信而富', 'QQ': '3088233141'}
{'项目': '千款手游自动折扣APP', 'QQ': '83221156'}
{'项目': '浦发银行信用卡', 'QQ': '79516864'}
{'项目': '蘑菇街', 'QQ': '544005344'}
{'项目': '微信多开', 'QQ': '2550387182'}
{'项目': '微信多开助手', 'QQ': '2550387182'}
{'项目': '机友精灵', 'QQ': '2550387182'}
{'项目': '一元购', 'QQ': '1121723108'}
{'项目': '京东派校园推广', 'QQ': '643718565'}
{'项目': '瓜牛钱包', 'QQ': '1426021046'}
{'项目': '瓜牛钱包', 'QQ': '1426021046'}
{'项目': '陌陌', 'QQ': '1902458764'}
{'项目': '交通侠APP下载注册', 'QQ': '121385180'}
{'项目': '交通侠APP下载注册任务', 'QQ': '121385180'}
{'项目': '开心消消乐', 'QQ': '294404207'}
{'项目': '浦发银行信用卡', 'QQ': '2970800947'}
{'项目': '民生银行信用卡快速审批', 'QQ': '2970800947'}
{'项目': '翼汇财', 'QQ': '208667867'}
{'项目': '每日优鲜', 'QQ': '826159526'}
{'项目': '信而富', 'QQ': '3088233141'}
{'项目': '瓜牛钱包', 'QQ': '1426021046'}
{'项目': '艺厘米', 'QQ': '2139454636'}
{'项目': '找乐破解手游大全', 'QQ': '2850959837'}
{'项目': '官方交友APP', 'QQ': '3219300437'}
{'项目': '长江证劵开户', 'QQ': '2970800947'}
{'项目': '陌陌', 'QQ': '3294738029'}
{'项目': '来这炸金花', 'QQ': '139012946'}
{'项目': '来这炸金花', 'QQ': '139012946'}
{'项目': '信而富现金贷', 'QQ': '1076882791'}
{'项目': '信而富', 'QQ': '3088233141'}
{'项目': '花无缺上班贷', 'QQ': '2970800947'}
{'项目': '光大银行信用卡', 'QQ': '2970800947'}
{'项目': '信而富APP', 'QQ': '441324747'}
{'项目': '微信抢红包神器', 'QQ': '2885608756'}
{'项目': '猎鱼达人', 'QQ': '49044963'}
{'项目': '京东白条', 'QQ': '1799272100'}
{'项目': '么么直播', 'QQ': '1334286408'}
{'项目': '理财', 'QQ': '448599023'}
{'项目': '锄禾online', 'QQ': '1047848490'}
{'项目': '涨乐财富通', 'QQ': '712342252'}
{'项目': '点金石', 'QQ': '79516864'}
{'项目': '锄禾online', 'QQ': '1047848490'}
{'项目': '信而富', 'QQ': '3088233141'}
{'项目': '易享社区', 'QQ': '2693147984'}
{'项目': '信而富', 'QQ': '3088233141'}
{'项目': '涨了财付通', 'QQ': '2880132129'}
{'项目': '信而富', 'QQ': '3088233141'}
{'项目': '信而富', 'QQ': '3088233141'}
{'项目': '信而富', 'QQ': '3088233141'}
{'项目': '信而富', 'QQ': '3088233141'}
{'项目': '信而富', 'QQ': '3088233141'}
{'项目': '信而富', 'QQ': '3088233141'}
{'项目': '超跑梦', 'QQ': '2818274016'}
{'项目': '信而富', 'QQ': '3088233141'}
{'项目': '信而富', 'QQ': '3088233141'}
{'项目': '信而富', 'QQ': '3088233141'}
{'项目': '信而富', 'QQ': '3088233141'}
{'项目': '602蓝月传奇', 'QQ': '706559450'}
{'项目': '缘分吧', 'QQ': '3352710020'}
{'项目': '信而富', 'QQ': '3088233141'}
{'项目': '信而富', 'QQ': '3088233141'}
{'项目': '蝶恋网', 'QQ': '353345185'}
{'项目': '信而富', 'QQ': '3088233141'}
{'项目': '信而富', 'QQ': '3088233141'}
{'项目': '信而富', 'QQ': '3088233141'}
{'项目': '信而富', 'QQ': '3088233141'}
{'项目': '钱包管家', 'QQ': '3212755951'}
{'项目': '钱包管家', 'QQ': '3212755951'}
{'项目': '信而富', 'QQ': '3088233141'}
{'项目': '泛娱宝', 'QQ': '2970800947'}
{'项目': '涨乐财富通', 'QQ': '2880132129'}
{'项目': '你我贷', 'QQ': '450524886'}
{'项目': '信而富', 'QQ': '3088233141'}
{'项目': '涨乐财富通', 'QQ': '2880132129'}
{'项目': '信而富', 'QQ': '3088233141'}
{'项目': '你我贷', 'QQ': '450524886'}
{'项目': '腾讯新闻', 'QQ': '1059707436'}
{'项目': '腾讯视频', 'QQ': '1059707436'}
{'项目': '头条新闻', 'QQ': '1059707436'}
{'项目': '信而富', 'QQ': '3088233141'}
{'项目': '信而富', 'QQ': '3088233141'}
{'项目': '信而富', 'QQ': '3088233141'}
{'项目': '信而富', 'QQ': '3088233141'}
{'项目': '信而富', 'QQ': '3088233141'}
{'项目': '网信理财', 'QQ': '372799683'}
{'项目': '信而富', 'QQ': '3088233141'}
{'项目': '信而富', 'QQ': '3088233141'}
{'项目': '平安橙子', 'QQ': '1799272100'}
{'项目': '浙商银行', 'QQ': '1799272100'}
{'项目': '信而富', 'QQ': '3088233141'}
{'项目': '信而富', 'QQ': '3088233141'}
{'项目': '百度手机助手', 'QQ': '1059707436'}
{'项目': '蚂蚁小咖', 'QQ': '522065230'}
{'项目': '天猫 淘宝', 'QQ': '1059707436'}
{'项目': '360手机卫士', 'QQ': '1059707436'}
{'项目': '百度搜索', 'QQ': '1059707436'}
{'项目': '喔喔娱乐社区', 'QQ': '935456077'}
{'项目': '资讯宝', 'QQ': '294404207'}
{'项目': '咪咕阅读', 'QQ': '294404207'}
{'项目': '360安全卫士', 'QQ': '294404207'}
{'项目': '360手机助手', 'QQ': '1059707436'}
{'项目': '最美天气', 'QQ': '516736418'}
{'项目': '应用宝一次', 'QQ': '294404207'}
{'项目': '百度浏览器', 'QQ': '1059707436'}
{'项目': '搜狗浏览器', 'QQ': '1059707436'}
{'项目': '豌豆荚', 'QQ': '1059707436'}
{'项目': '飞贷', 'QQ': '1308538009'}
{'项目': '华泰证券', 'QQ': '1308538009'}
{'项目': 'uc浏览器', 'QQ': '1059707436'}
{'项目': '乐乐抢红包神器', 'QQ': '39651'}
{'项目': '涨乐财富通', 'QQ': '712342252'}
{'项目': '学管家', 'QQ': '2929426500'}
{'项目': '涨乐财富通', 'QQ': '712342252'}
{'项目': '么么直播', 'QQ': '761669093'}
{'项目': '涨乐财富通', 'QQ': '712342252'}
{'项目': '封神策', 'QQ': '2880908418'}
{'项目': '涨乐财富通', 'QQ': '712342252'}
{'项目': '捕鱼大满贯', 'QQ': '0'}
{'项目': '涨乐财富通', 'QQ': '712342252'}
{'项目': '华泰证券', 'QQ': '712342252'}
{'项目': '完美人生', 'QQ': '516736418'}
{'项目': '360手机助手', 'QQ': '294404207'}
{'项目': '涨乐财富通', 'QQ': '712342252'}
{'项目': '涨乐财富通', 'QQ': '712342252'}
{'项目': '百度贴吧', 'QQ': '516736418'}
{'项目': '唐小僧理财', 'QQ': '30862136'}
{'项目': '买单吧', 'QQ': '3109247600'}
{'项目': '钱小咖', 'QQ': '609501664'}
{'项目': '唐小僧理财', 'QQ': '30862136'}
{'项目': '阴阳师', 'QQ': '516736418'}
{'项目': '乐嗨秀场', 'QQ': '403079075'}
{'项目': '钱小咖', 'QQ': '609501664'}
{'项目': '羽时炼金术', 'QQ': '290181466'}
{'项目': '华泰证券开户', 'QQ': '843798463'}
{'项目': 'VR数码前线', 'QQ': '1157750068'}
{'项目': '京东商城', 'QQ': '57118710'}
{'项目': '融360', 'QQ': '516736418'}
{'项目': '平安好医生', 'QQ': '2653501639'}
{'项目': '讯飞输入法', 'QQ': '761669093'}
{'项目': '么么直播', 'QQ': '2653501639'}
{'项目': '天天捕鱼', 'QQ': '734954780'}
{'项目': '疯狂连连看', 'QQ': '734954780'}
{'项目': '国美', 'QQ': '2885549767'}
{'项目': '2345助手', 'QQ': '516736418'}
{'项目': '任我花', 'QQ': '2885549757'}
{'项目': '花无缺', 'QQ': '2885549757'}
{'项目': 'UC浏览器', 'QQ': '3512542660'}
{'项目': '搜狗浏览器', 'QQ': '516736418'}
{'项目': '统一安卓壁纸', 'QQ': '537012307'}
{'项目': '平安橙子', 'QQ': '784064786'}
{'项目': '品鲜', 'QQ': '784064786'}
{'项目': '唐小僧理财', 'QQ': '30862136'}
{'项目': '好药师', 'QQ': '1832235052'}
{'项目': '财行家', 'QQ': '2885549757'}
{'项目': '裕金宝', 'QQ': '2885549757'}
{'项目': '夺宝捕鱼', 'QQ': '398181531'}
{'项目': '雷电战机', 'QQ': '827787123'}
{'项目': '消灭星星', 'QQ': '827787123'}
{'项目': '首趣pc界面安装包天空Auxy', 'QQ': '1617220846'}
{'项目': '高德地图', 'QQ': '3525415652'}
{'项目': '繁星直播', 'QQ': '3525415652'}
{'项目': '借贷宝支付', 'QQ': '386577926'}
{'项目': '东方输入法', 'QQ': '2881032116'}
{'项目': 'hao123看图王', 'QQ': '2881032116'}
{'项目': '东方输入法', 'QQ': '2881032116'}
{'项目': '东方头条', 'QQ': '2880331976'}
{'项目': '信而富', 'QQ': '1091517379'}
{'项目': '速拍闪购一元夺宝', 'QQ': '2590576725'}
{'项目': '速拍闪购一元夺宝', 'QQ': '2590576725'}
{'项目': '手机百度', 'QQ': '516736418'}
{'项目': '信而富绑卡注册', 'QQ': '1263552032'}
{'项目': '奇缘幻境', 'QQ': '516736418'}
{'项目': 'WSK通信', 'QQ': '3255150699'}
{'项目': '锁财宝', 'QQ': '2853700251'}
{'项目': '易商理财', 'QQ': '1144515500'}
{'项目': '萝莉斗地主', 'QQ': '516736418'}
{'项目': '萝莉炸金花', 'QQ': '516736418'}
{'项目': '快速一键装机', 'QQ': '1019708169'}
{'项目': '金山毒霸', 'QQ': '3252635269'}
{'项目': '掌赚宝', 'QQ': '932387761'}
{'项目': '万年历', 'QQ': '2885608756'}
{'项目': '一起玩吧', 'QQ': '394088718'}
{'项目': '棋牌类游戏单', 'QQ': '13556851970'}
{'项目': '英语流利说', 'QQ': '3512542660'}
{'项目': '搜狗导航', 'QQ': '511638757'}
{'项目': 'pp助手', 'QQ': '3512542660'}
{'项目': '诛神黄昏', 'QQ': '516736418'}
{'项目': '征婚网站', 'QQ': '731306247'}
{'项目': '传奇霸业', 'QQ': '2851029125'}
{'项目': '瑞星杀毒', 'QQ': '2851029125'}
{'项目': '艾付宝下载', 'QQ': '65802539'}
{'项目': '天天电玩城', 'QQ': '2851209125'}
{'项目': '千帆直播', 'QQ': '2851209125'}
{'项目': '腾讯新闻', 'QQ': '3512542660'}
{'项目': '腾讯快报', 'QQ': '3512542660'}
{'项目': '搜狗输入法', 'QQ': '3512542660'}
{'项目': '优酷', 'QQ': '3512542660'}
{'项目': '微博', 'QQ': '3512542660'}
{'项目': '依站导航', 'QQ': '2885660151'}
{'项目': '月历', 'QQ': '2885660151'}
{'项目': '1891棋牌', 'QQ': '18916250'}
{'项目': '腾讯NOW直播产品', 'QQ': '853612569'}
{'项目': 'PPTV', 'QQ': '516736418'}
{'项目': '斗战神手游', 'QQ': '49044963'}
{'项目': '搜狗搜索', 'QQ': '516736418'}
{'项目': '缘份吧', 'QQ': '641849146'}
{'项目': '拍拍贷', 'QQ': '3512542660'}
{'项目': '高德地图', 'QQ': '3512542660'}
{'项目': '证券平台开户', 'QQ': '394088718'}
{'项目': '繁星直播', 'QQ': '3512542660'}
{'项目': '伊云夺宝', 'QQ': '564948234'}
{'项目': '糗事爆料', 'QQ': '294981332'}
{'项目': '搜狐新闻', 'QQ': '294981332'}
{'项目': '梦幻西游无双版', 'QQ': '13314209418'}
{'项目': '倚天屠龙记', 'QQ': '13314209418'}
{'项目': '微数据', 'QQ': '3132928313'}
{'项目': 'NOW直播', 'QQ': '3420511423'}
{'项目': '咪咕阅读', 'QQ': '1060387513'}
{'项目': '融60', 'QQ': '754530809'}
{'项目': '易推行', 'QQ': '1798888'}
{'项目': '秀聊', 'QQ': '3384268141'}
{'项目': '快压', 'QQ': '2880582693'}
{'项目': '逐梦', 'QQ': '294981332'}
{'项目': '么么直播', 'QQ': '2586045454'}
{'项目': '趣汇APP推广', 'QQ': '737394257'}
{'项目': '保卫萝卜', 'QQ': '294981332'}
{'项目': '母婴综合网站买量', 'QQ': '1019708169'}
{'项目': '途牛', 'QQ': '761669093'}
{'项目': '9377皇图', 'QQ': '425349691'}
{'项目': '百度浏览器', 'QQ': '825688106'}
{'项目': '360卫士', 'QQ': '425349691'}
{'项目': '天使建材', 'QQ': '1474403209'}
{'项目': '天宏基金', 'QQ': '97782983'}
{'项目': '直播吧', 'QQ': '873572451'}
{'项目': '么么直播', 'QQ': '1020053030'}
{'项目': '唯品会', 'QQ': '2853273124'}
{'项目': '语玩', 'QQ': '2853273124'}
{'项目': '艺术狗', 'QQ': '2987275453'}
{'项目': '团贷网', 'QQ': '5169378'}
{'项目': '应用宝1次', 'QQ': '345428783'}
{'项目': '借贷宝注册，不用绑卡', 'QQ': '568148231'}
{'项目': '易打工', 'QQ': '761669093'}
{'项目': '乱斗堂', 'QQ': '1162687575'}
{'项目': '钱瑞', 'QQ': '344834694'}
{'项目': '欢乐大赢家', 'QQ': '294981332'}
{'项目': '真好玩', 'QQ': '3136459131'}
{'项目': '草根钱包', 'QQ': '2606927877'}
{'项目': '搜狐新闻', 'QQ': '3062338412'}
{'项目': '妙健康', 'QQ': '1317433972'}
{'项目': '平安普惠', 'QQ': '824913209'}
{'项目': '借贷宝APP', 'QQ': '170836422'}
{'项目': '东方头条', 'QQ': '2881032116'}
{'项目': '京东阅读', 'QQ': '1317433972'}
{'项目': '百度糯米团购', 'QQ': '1710701892'}
{'项目': '接龙', 'QQ': '1710701892'}
{'项目': '【糖宝网】千次推广收益60元', 'QQ': '931536691'}
{'项目': '高德地图', 'QQ': '544005344'}
{'项目': '360卫士 1.7', 'QQ': '249313210'}
{'项目': '享盈', 'QQ': '532199183'}
{'项目': '借贷宝注册', 'QQ': '184637469'}
{'项目': '流量咪', 'QQ': '34887836'}
{'项目': '消灭星星-全明星', 'QQ': '911052509'}
{'项目': '雷电战机II', 'QQ': '911052509'}
{'项目': '小花钱包', 'QQ': '2851631730'}
{'项目': '快乐找你茬', 'QQ': '2850565760'}
{'项目': '百度手机助手', 'QQ': '2896123288'}
{'项目': '安装量', 'QQ': '1006163871'}
{'项目': '易购返利', 'QQ': '1119336771'}
{'项目': '东方输入法', 'QQ': '254438489'}
{'项目': '东方头条', 'QQ': '254438489'}
{'项目': '同城交友CP', 'QQ': '413479116'}
{'项目': '乐嗨秀场', 'QQ': '79516864'}
{'项目': '中银', 'QQ': '844095551'}
{'项目': '考拉理财', 'QQ': '844095551'}
{'项目': '1号考车', 'QQ': '1586174859'}
{'项目': '独家车木曹', 'QQ': '2850350444'}
{'项目': '360网址导航推广', 'QQ': '3276036143'}
{'项目': '钱升钱', 'QQ': '2850350444'}
{'项目': '360产品 高价双周 量大来约', 'QQ': '1937584034'}
{'项目': '360手机卫士', 'QQ': '2850565760'}
{'项目': 'jj斗地主', 'QQ': '2850565760'}
{'项目': '挑战美女联盟', 'QQ': '2850565760'}
{'项目': '快乐找你茬', 'QQ': '2850565760'}
{'项目': '乐享动', 'QQ': '2850565760'}
{'项目': '3D方块匹配大师', 'QQ': '2850565760'}
{'项目': '锁财宝', 'QQ': '2850565760'}
{'项目': '曹操专车', 'QQ': '77043081'}
{'项目': '借贷宝', 'QQ': '307602006'}
{'项目': '安全防毒浏览器', 'QQ': '1725249941'}
{'项目': '购物返利', 'QQ': '1725249941'}
{'项目': '播放软件', 'QQ': '1725249941'}
{'项目': '禄财宝积分墙', 'QQ': '1725249941'}
{'项目': '锁屏', 'QQ': '1725249941'}
{'项目': '禄财宝赚钱', 'QQ': '1725249941'}
{'项目': '金牌德州扑克', 'QQ': '905660515'}
{'项目': '自家IOS产品', 'QQ': '2217714495'}
{'项目': '剑与魔法', 'QQ': '3109483028'}
{'项目': '借贷宝', 'QQ': '247876021'}
{'项目': '凤凰新闻', 'QQ': '2851708853'}
{'项目': '借贷宝', 'QQ': '419702653'}
{'项目': 'COS乱斗女皇', 'QQ': '281780134'}
{'项目': '艺龙旅行', 'QQ': '1932143324'}
{'项目': '达令礼物', 'QQ': '1932143324'}
{'项目': '去哪儿', 'QQ': '1932143324'}
{'项目': '乐抢', 'QQ': '294981332'}
{'项目': '新浪新闻', 'QQ': '2851708853'}
{'项目': '东方头条快捷方式', 'QQ': '2881032116'}
{'项目': '金山毒霸', 'QQ': '712734352'}
{'项目': 'QQ管家', 'QQ': '712734352'}
{'项目': '安卓APP推广', 'QQ': '1587461314'}
{'项目': '飞贷', 'QQ': '447427911'}
{'项目': '优分期', 'QQ': '2851631730'}
{'项目': '易淘钱包', 'QQ': '2851631730'}
{'项目': 'QQ阅读', 'QQ': '2896123288'}
{'项目': '暴力战车', 'QQ': '2645308088'}
{'项目': '僵尸猎人', 'QQ': '2645308088'}
{'项目': '萌鼠窜窜窜', 'QQ': '2645308088'}
{'项目': '碰碰喵星人', 'QQ': '2645308088'}
{'项目': '萌宠消消乐', 'QQ': '2645308088'}
{'项目': '穿越火线-全民狙神', 'QQ': '2645308088'}
{'项目': '速度与激情-火速狂飙', 'QQ': '2645308088'}
{'项目': '大战萌僵尸', 'QQ': '2645308088'}
{'项目': '糖果连萌', 'QQ': '2645308088'}
{'项目': '射雕英雄传3D', 'QQ': '3109483028'}
{'项目': '安卓APP推广', 'QQ': '1587461314'}
{'项目': '跃老板', 'QQ': '2851631730'}
{'项目': '平安好房', 'QQ': '2896123288'}
{'项目': '酷锁屏', 'QQ': '529358585'}
{'项目': '苏宁易购', 'QQ': '2896123288'}
{'项目': '360卫士付费包', 'QQ': '2896123288'}
{'项目': '360卫士', 'QQ': '2896123288'}
{'项目': '京东商城无订单', 'QQ': '2896123288'}
{'项目': '美啦', 'QQ': '2896123288'}
{'项目': '平安一账通', 'QQ': '2851708853'}
{'项目': '聚合sdk', 'QQ': '1944643951'}
{'项目': '搜狗浏览器', 'QQ': '10131304'}
{'项目': '一拍即合', 'QQ': '786314378'}
{'项目': '苏宁易购', 'QQ': '1932143324'}
{'项目': '港式五张', 'QQ': '2763338319'}
{'项目': '青丘狐传奇', 'QQ': '1046551154'}
{'项目': '人人锁屏', 'QQ': '1667386588'}
{'项目': '东方头条', 'QQ': '2881032116'}
{'项目': '手游返利宝', 'QQ': '269261826'}
{'项目': '东方头条', 'QQ': '2881032116'}
{'项目': 'QQ浏览器一次激活', 'QQ': '1932143324'}
{'项目': '中国电子平台', 'QQ': '191496748'}
{'项目': '中国电子平台', 'QQ': '191496748'}
{'项目': '讯飞输入法', 'QQ': '3161281719'}
{'项目': '宝宝树-时光', 'QQ': '3161281719'}
{'项目': '稻香音乐', 'QQ': '1031513390'}
{'项目': '寻渠道长期合作我们游戏应用都有', 'QQ': '2920562688'}
{'项目': '秀壁纸', 'QQ': '1031513390'}
{'项目': '豆腐超人', 'QQ': '1031513390'}
{'项目': '海马苹果助手', 'QQ': '2300817307'}
{'项目': '手游返利宝', 'QQ': '269261826'}
{'项目': '惩罚者2', 'QQ': '3020836193'}
{'项目': '幻世英雄', 'QQ': '3020836193'}
{'项目': '92助手', 'QQ': '3020836193'}
{'项目': '开心消消乐', 'QQ': '916166365'}
{'项目': '捕鱼海底捞', 'QQ': '285041258'}
{'项目': '开心跳跳兔', 'QQ': '2052137107'}
{'项目': '挂机捕鱼赢话费', 'QQ': '2052137107'}
{'项目': '全民消消乐', 'QQ': '2052137107'}
{'项目': '多看阅读', 'QQ': '1932143324'}
{'项目': '钱宝', 'QQ': '617746249'}
{'项目': '南粤银行', 'QQ': '1485919150'}
{'项目': '上行快线-上海银行APP', 'QQ': '1485919150'}
{'项目': '招商证券', 'QQ': '1485919150'}
{'项目': '钱程', 'QQ': '1517336295'}
{'项目': '百度搜索', 'QQ': '2848181095'}
{'项目': '亿百润', 'QQ': '23430015'}
{'项目': '阿凡题', 'QQ': '499500623'}
{'项目': '搜狗网址导航', 'QQ': '3276036143'}
{'项目': 'QQ管家', 'QQ': '860803782'}
{'项目': '同学贷', 'QQ': '1528109567'}
{'项目': '网信理财', 'QQ': '410717423'}
{'项目': '云算盘推广', 'QQ': '599393129'}
{'项目': '安卓手机APP', 'QQ': '2851727018'}
{'项目': '霹雳江湖', 'QQ': '2853273126'}
{'项目': '奇缘幻境', 'QQ': '2853273126'}
{'项目': '飘邈之旅', 'QQ': '2853273126'}
{'项目': '功夫少林', 'QQ': '2853273126'}
{'项目': '龙门镖局', 'QQ': '2853273126'}
{'项目': '存钱罐', 'QQ': '46915996'}
{'项目': '愤怒的小鸟大作战', 'QQ': '919149138'}
{'项目': '消灭星星3代官方正版', 'QQ': '809258395'}
{'项目': '光头强快跑', 'QQ': '835790033'}
{'项目': '爆裂赛车HD', 'QQ': '835790033'}
{'项目': '植物大战僵尸街机王', 'QQ': '835790033'}
{'项目': '全民消消乐3', 'QQ': '835790033'}
{'项目': '赢红包打地鼠', 'QQ': '835790033'}
{'项目': '列王的纷争', 'QQ': '940358121'}
{'项目': '360卫士', 'QQ': '1348138767'}
{'项目': '360手机助手', 'QQ': '1348138767'}
{'项目': '贝壳市场', 'QQ': '1965942523'}
{'项目': '云路课堂', 'QQ': '860804006'}
{'项目': '公牛炒股', 'QQ': '2077246584'}
{'项目': '神州话费通', 'QQ': '236245212'}
{'项目': '并读新闻', 'QQ': '286883620'}
{'项目': 'HAO123导航', 'QQ': '3276036143'}
{'项目': '凤凰新闻', 'QQ': '3152872780'}
{'项目': '极锁屏', 'QQ': '742748920'}
{'项目': '趣格部落', 'QQ': '115774587'}
{'项目': '乐嗨', 'QQ': '646370462'}
{'项目': '应用宝（二次）', 'QQ': '1356528470'}
{'项目': '虾米音乐', 'QQ': '503714781'}
{'项目': '国信金太阳软件', 'QQ': '2891237338'}
{'项目': '开心捕鱼2015', 'QQ': '1356528470'}
{'项目': '借贷宝', 'QQ': '410023151'}
{'项目': '易配货', 'QQ': '3265362669'}
{'项目': '开桌APP', 'QQ': '2663254872'}
{'项目': '卓易市场', 'QQ': '13308298528'}
{'项目': '猪八戒网', 'QQ': '351038492'}
{'项目': '快乐德州', 'QQ': '360835742'}
{'项目': '酷划锁屏', 'QQ': '709948623'}
{'项目': '优锁屏', 'QQ': '2850350980'}
{'项目': '乐啊', 'QQ': '2853926206'}
{'项目': '奇豆助手', 'QQ': '2853926206'}
{'项目': '京东钱包', 'QQ': '295092202'}
{'项目': '一度用车', 'QQ': '147026230'}
{'项目': '艺龙无订单', 'QQ': '2113491869'}
{'项目': '新浪微博', 'QQ': '2851987350'}
{'项目': '钱鹿锁屏', 'QQ': '1052353403'}
{'项目': '共信赢理财', 'QQ': '332946376'}
{'项目': '平安一账通', 'QQ': '2853273124'}
{'项目': '百度搜索', 'QQ': '749990918'}
{'项目': '百度手机助手', 'QQ': '749990918'}
{'项目': '停有钱', 'QQ': '136742761'}
{'项目': '腾讯网媒移动端+PC端', 'QQ': '761112182'}
{'项目': '新征战', 'QQ': '2915426310'}
{'项目': '车行无忧', 'QQ': '269720483'}
{'项目': '腾讯快豹', 'QQ': '2853926206'}
{'项目': '猎豹清理大师', 'QQ': '2853926206'}
{'项目': '快赚锁屏', 'QQ': '757567213'}
{'项目': '康美医生', 'QQ': '1792790575'}
{'项目': '平安一账通', 'QQ': '2853273124'}
{'项目': '360浏览器', 'QQ': '1749915654'}
{'项目': '耳语(2.0)', 'QQ': '179965682'}
{'项目': '应用宝', 'QQ': '1003100611'}
{'项目': '钱景', 'QQ': '2853273124'}
{'项目': '股市教练', 'QQ': '2958108320'}
{'项目': '卓易市场', 'QQ': '2853273124'}
{'项目': '一账通新注册', 'QQ': '2853273124'}
{'项目': '360助手496016', 'QQ': '646370462'}
{'项目': 'uc浏览器', 'QQ': '646370462'}
{'项目': '九游游戏', 'QQ': '646370462'}
{'项目': '车生活', 'QQ': '646370462'}
{'项目': '百度浏览器', 'QQ': '646370462'}
{'项目': '360看点', 'QQ': '64637046'}
{'项目': '360手机卫士', 'QQ': '951815897'}
{'项目': '农场日记', 'QQ': '177727029'}
{'项目': 'e代维工程师', 'QQ': '2962911858'}
{'项目': '电池加速器', 'QQ': '744756562'}
{'项目': '360助手', 'QQ': '28421476'}
{'项目': '百度浏览器', 'QQ': '574121312'}
{'项目': '美呗', 'QQ': '3300923172'}
{'项目': '火线僵尸', 'QQ': '228460710'}
{'项目': '冲上云霄', 'QQ': '1031416392'}
{'项目': '英雄连萌', 'QQ': '1031416392'}
{'项目': '云朵英雄', 'QQ': '1031416392'}
{'项目': '广告插件sdk', 'QQ': '1135071995'}
{'项目': 'UC浏览器', 'QQ': '1828304902'}
{'项目': '工多多', 'QQ': '976080264'}
{'项目': '挣钱包', 'QQ': '794085539'}
{'项目': '百度手机助手', 'QQ': '1607649909'}
{'项目': '流氓兔酷跑', 'QQ': '295286450'}
{'项目': '百度搜索', 'QQ': '355156040'}
{'项目': '大众点评', 'QQ': '355156040'}
{'项目': '全民消除', 'QQ': '2061559487'}
{'项目': '泡你妹2', 'QQ': '2061559487'}
{'项目': '精选', 'QQ': '3268147817'}
{'项目': '92 手机助手', 'QQ': '2853653903'}
{'项目': '惩罚者2', 'QQ': '2853653903'}
{'项目': '幻世英雄', 'QQ': '2853653903'}
{'项目': '神舟专车', 'QQ': '2853213553'}
{'项目': '360搜索', 'QQ': '2853213553'}
{'项目': '360助手', 'QQ': '2853213553'}
{'项目': '360安全卫士', 'QQ': '2853213553'}
{'项目': '找对象', 'QQ': '489332462'}
{'项目': '天天Q妹子  单机游戏', 'QQ': '2629891607'}
{'项目': '360手机卫士', 'QQ': '470980058'}
{'项目': '性感危机', 'QQ': '1833317387'}
{'项目': '转iPhone6', 'QQ': '1833317387'}
{'项目': '泡你妹', 'QQ': '1833317387'}
{'项目': '蜜蜂2', 'QQ': '2569548917'}
{'项目': '360卫士', 'QQ': '2569548917'}
{'项目': 'PP助手', 'QQ': '89914565'}
{'项目': '不费流量ip电话', 'QQ': '619616666'}
{'项目': '虎牙直播', 'QQ': '2851726991'}
{'项目': '全民炸翻天', 'QQ': '307377084'}
{'项目': '百度手机助手', 'QQ': '1193197920'}
{'项目': '达飞移动支付', 'QQ': '1002349902'}
{'项目': '平安一账通', 'QQ': '2851726992'}
{'项目': '快乐炸金花', 'QQ': '3231749004'}
{'项目': '保卫萝卜3正式版', 'QQ': '751927165'}
{'项目': '火线猎人', 'QQ': '910571012'}
{'项目': '应用管家', 'QQ': '2093089486'}
{'项目': '酷跑路飞', 'QQ': '1043361471'}
{'项目': '用户表格信息', 'QQ': '283265286'}
{'项目': 'World of Tanks', 'QQ': '283265286'}
{'项目': '开心泡泡龙1000关', 'QQ': '646281520'}
