城市,景点热度,图片链接
首尔,116470人去过,https://pic.qyer.com/album/user/211/34/Q0hUQR4OZQ/index/cover
济州岛,34269人去过,https://pic.qyer.com/album/145/eb/952664/index/cover
济州市,26651人去过,https://pic.qyer.com/album/user/569/5/RE9cQh8DZA/index/cover
釜山,19637人去过,https://pic.qyer.com/album/user/211/35/Q0hUQR8HYw/index/cover
仁川,14454人去过,https://pic.qyer.com/album/user/1035/76/QElWRx0BaEo/index/cover
西归浦,6737人去过,https://pic.qyer.com/album/user/511/85/REhUSh8AZQ/index/cover
江原道,2934人去过,https://pic.qyer.com/album/user/525/73/REtQRRkOaQ/index/cover
庆州,2876人去过,https://pic.qyer.com/album/10e/57/2055863/index/cover
春川,2479人去过,https://pic.qyer.com/album/1ac/49/2027532/index/cover
大邱,2142人去过,https://pic.qyer.com/album/user/525/67/REtQRB0HYA/index/cover
全州,1420人去过,https://pic.qyer.com/album/1f8/3a/714477/index/cover
光州,1296人去过,https://pic.qyer.com/album/user/714/66/RkhRRBwHaQ/index/cover
大田,1082人去过,https://pic.qyer.com/album/user/521/55/REtURx8EZA/index/cover
水原市,1036人去过,https://pic.qyer.com/album/user/770/82/Rk5VShgEYA/index/cover
束草,1026人去过,https://pic.qyer.com/album/user/446/32/RU1TQRgAZw/index/cover
城市,景点热度,图片链接
韩国丽水,962人去过,https://pic.qyer.com/album/10c/62/2026105/index/cover
江陵,951人去过,https://pic.qyer.com/album/user/419/9/RUhcQhMDYQ/index/cover
正东津,602人去过,https://pic.qyer.com/album/user/1095/23/QElcRxgEZkA/index/cover
清州市,590人去过,https://pic.qyer.com/album/user/1159/30/QEhQSxkHZEw/index/cover
安东,533人去过,https://pic.qyer.com/album/user/414/95/RUhRSx8HYA/index/cover
蔚山,449人去过,https://pic.qyer.com/album/user/819/93/SUhcSxkDYA/index/cover
木浦,342人去过,https://pic.qyer.com/album/user/255/19/Q0xQQxMEYg/index/cover
天安市,298人去过,https://pic.qyer.com/album/user/1983/2/QEBdQRoFZkg/index/cover
浦项市,167人去过,https://pic.qyer.com/album/user/3400/27/Qk1VQhgAZk0/index/cover
牙山,137人去过,https://pic.qyer.com/album/user/676/25/R05TQB8AYw/index/cover
江村,136人去过,https://pic.qyer.com/album/user/3413/70/Qk1UQR0HZk0/index/cover
忠州,133人去过,https://pic.qyer.com/album/user/1249/52/QEtRSx8FZUk/index/cover
晋州,126人去过,https://pic.qyer.com/album/user/719/22/RkhcQBgAYw/index/cover
三陟,81人去过,https://pic.qyer.com/album/user/813/83/SUhWShkDYQ/index/cover
郁陵岛,46人去过,https://pic.qyer.com/album/144/a1/2026195/index/cover
城市,景点热度,图片链接
九里市,26人去过,https://static.qyer.com/images/place/no/poi_200_133.png
井邑,16人去过,https://pic.qyer.com/album/user/2036/63/Q0lWRBwEaUA/index/cover
金堤市,9人去过,https://pic.qyer.com/album/user/3617/60/Qk9URRwHYU0/index/cover
加平郡,2人去过,https://pic.qyer.com/album/user/3627/22/Qk9XRRgFY00/index/cover
原州市,1人去过,https://pic.qyer.com/album/user/3626/17/Qk9XRBsAZE0/index/cover
城南市,1人去过,https://pic.qyer.com/album/user/3623/70/Qk9XQR0HYE0/index/cover
光阳市,0人去过,https://pic.qyer.com/album/user/3628/93/Qk9XShMEaE8/index/cover
涟川郡,0人去过,https://static.qyer.com/images/place/no/poi_200_133.png
居昌郡,0人去过,https://pic.qyer.com/album/user/3628/95/Qk9XShMCYko/index/cover
安养市,0人去过,https://static.qyer.com/images/place/no/poi_200_133.png
咸阳郡,0人去过,https://static.qyer.com/images/place/no/poi_200_133.png
奉化郡,0人去过,https://pic.qyer.com/album/user/3628/95/Qk9XShMCYkA/index/cover
盈德郡,0人去过,https://static.qyer.com/images/place/no/poi_200_133.png
罗州市,0人去过,https://pic.qyer.com/album/user/3629/5/Qk9XSxoCYEw/index/cover
密阳市,0人去过,https://static.qyer.com/images/place/no/poi_200_133.png
